filename,acquisition,systemVendor,systemModel,systemFieldStrength_T,receiverChannels,institutionName,enc_x,enc_y,enc_z,rec_x,rec_y,rec_z,enc_x_mm,enc_y_mm,enc_z_mm,rec_x_mm,rec_y_mm,rec_z_mm,nPE,acc,num_low_freq,TR,TE,TI,flipAngle_deg,sequence_type,echo_spacing,is_left_leg
knee/data/singlecoil_train/file1001145.h5,CORPDFS_FBK,SIEMENS,Aera,1.494000,15,NYU,640,372,1,320,320,1,280.000000,162.820007,4.500000,140.000000,140.000000,3.000000,335,0,0,3500.000000,33.000000,100.000000,150.000000,TurboSpinEcho,10.900000,True
knee/data/singlecoil_train/file1002166.h5,CORPD_FBK,SIEMENS,Skyra,2.893620,15,NYU,640,368,1,320,320,1,280.000000,161.419998,4.500000,140.000000,140.000000,3.000000,332,0,0,2750.000000,27.000000,100.000000,140.000000,TurboSpinEcho,8.850000,True
knee/data/singlecoil_train/file1002554.h5,CORPDFS_FBK,SIEMENS,Skyra,2.893620,15,NYU,640,368,1,320,320,1,280.000000,161.419998,4.500000,140.000000,140.000000,3.000000,332,0,0,2870.000000,33.000000,100.000000,140.000000,TurboSpinEcho,10.960000,False
knee/data/singlecoil_train/file1002263.h5,CORPD_FBK,SIEMENS,Skyra,2.893620,15,NYU,640,368,1,320,320,1,280.000000,161.419998,4.500000,140.000000,140.000000,3.000000,332,0,0,2600.000000,27.000000,100.000000,140.000000,TurboSpinEcho,8.850000,False
knee/data/singlecoil_train/file1000933.h5,CORPDFS_FBK,SIEMENS,Aera,1.494000,15,HJD,640,372,1,320,320,1,280.000000,162.820007,4.500000,140.000000,140.000000,3.000000,335,0,0,3000.000000,33.000000,100.000000,150.000000,TurboSpinEcho,10.900000,False
knee/data/singlecoil_train/file1000590.h5,CORPDFS_FBK,SIEMENS,Skyra,2.893620,15,NYU,640,368,1,320,320,1,280.000000,161.419998,4.500000,140.000000,140.000000,3.000000,332,0,0,2870.000000,33.000000,100.000000,140.000000,TurboSpinEcho,10.960000,False
knee/data/singlecoil_train/file1002073.h5,CORPD_FBK,SIEMENS,Skyra,2.893620,15,HJD,640,368,1,320,320,1,280.000000,161.419998,4.500000,140.000000,140.000000,3.000000,332,0,0,2750.000000,27.000000,100.000000,140.000000,TurboSpinEcho,8.850000,False
knee/data/singlecoil_train/file1002243.h5,CORPDFS_FBK,SIEMENS,Skyra,2.893620,15,NYU,640,368,1,320,320,1,280.000000,161.419998,4.500000,140.000000,140.000000,3.000000,332,0,0,2900.000000,33.000000,100.000000,140.000000,TurboSpinEcho,10.960000,False
knee/data/singlecoil_train/file1000695.h5,CORPDFS_FBK,SIEMENS,Biograph_mMR,2.893620,15,NYU,640,368,1,320,320,1,280.000000,161.419998,4.500000,140.000000,140.000000,3.000000,332,0,0,2870.000000,33.000000,100.000000,140.000000,TurboSpinEcho,10.960000,True
knee/data/singlecoil_train/file1000100.h5,CORPDFS_FBK,SIEMENS,Skyra,2.893620,15,NYU,640,368,1,320,320,1,300.000000,172.949997,4.500000,150.000000,150.000000,3.000000,332,0,0,3120.000000,33.000000,100.000000,140.000000,TurboSpinEcho,10.960000,True
knee/data/singlecoil_train/file1001437.h5,CORPDFS_FBK,SIEMENS,Aera,1.494000,15,NYU,640,372,1,320,320,1,280.000000,162.820007,4.500000,140.000000,140.000000,3.000000,335,0,0,3000.000000,33.000000,100.000000,150.000000,TurboSpinEcho,10.900000,True
knee/data/singlecoil_train/file1002266.h5,CORPDFS_FBK,SIEMENS,Aera,1.494000,15,HJD,640,372,1,320,320,1,280.000000,162.820007,4.500000,140.000000,140.000000,3.000000,335,0,0,3000.000000,33.000000,100.000000,150.000000,TurboSpinEcho,10.900000,False
knee/data/singlecoil_train/file1001572.h5,CORPD_FBK,SIEMENS,Aera,1.494000,15,NYU,640,372,1,320,320,1,280.000000,162.820007,4.500000,140.000000,140.000000,3.000000,335,0,0,2940.000000,32.000000,100.000000,140.000000,TurboSpinEcho,10.780000,True
knee/data/singlecoil_train/file1002494.h5,CORPDFS_FBK,SIEMENS,Skyra,2.893620,15,NYU,640,368,1,320,320,1,280.000000,161.419998,4.500000,140.000000,140.000000,3.000000,332,0,0,2450.000000,33.000000,100.000000,140.000000,TurboSpinEcho,10.960000,True
knee/data/singlecoil_train/file1000261.h5,CORPD_FBK,SIEMENS,Skyra,2.893620,15,NYU,640,368,1,320,320,1,280.000000,161.419998,4.500000,140.000000,140.000000,3.000000,332,0,0,2750.000000,27.000000,100.000000,140.000000,TurboSpinEcho,8.850000,False
knee/data/singlecoil_train/file1002225.h5,CORPD_FBK,SIEMENS,Skyra,2.893620,15,TH,640,368,1,320,320,1,280.000000,161.419998,4.500000,140.000000,140.000000,3.000000,332,0,0,2750.000000,27.000000,100.000000,140.000000,TurboSpinEcho,8.850000,True
knee/data/singlecoil_train/file1001206.h5,CORPD_FBK,SIEMENS,Skyra,2.893620,15,HJD,640,368,1,320,320,1,280.000000,161.419998,4.500000,140.000000,140.000000,3.000000,332,0,0,2750.000000,27.000000,100.000000,140.000000,TurboSpinEcho,8.850000,False
knee/data/singlecoil_train/file1000922.h5,CORPD_FBK,SIEMENS,Skyra,2.893620,15,HJD,640,368,1,320,320,1,280.000000,161.419998,4.500000,140.000000,140.000000,3.000000,332,0,0,2750.000000,27.000000,100.000000,140.000000,TurboSpinEcho,8.850000,False
knee/data/singlecoil_train/file1000053.h5,CORPDFS_FBK,SIEMENS,Aera,1.494000,15,NYU,640,372,1,320,320,1,280.000000,162.820007,4.500000,140.000000,140.000000,3.000000,335,0,0,3000.000000,33.000000,100.000000,150.000000,TurboSpinEcho,10.900000,False
knee/data/singlecoil_train/file1000381.h5,CORPD_FBK,SIEMENS,Aera,1.494000,15,NYU,640,372,1,320,320,1,280.000000,162.820007,4.500000,140.000000,140.000000,3.000000,335,0,0,2800.000000,32.000000,100.000000,140.000000,TurboSpinEcho,10.780000,True
knee/data/singlecoil_train/file1000814.h5,CORPDFS_FBK,SIEMENS,Aera,1.494000,15,NYU,640,372,1,320,320,1,280.000000,162.820007,4.500000,140.000000,140.000000,3.000000,335,0,0,3000.000000,33.000000,100.000000,150.000000,TurboSpinEcho,10.900000,True
knee/data/singlecoil_train/file1002115.h5,CORPDFS_FBK,SIEMENS,Skyra,2.893620,15,NYU,640,368,1,320,320,1,280.000000,161.419998,4.500000,140.000000,140.000000,3.000000,332,0,0,2870.000000,33.000000,100.000000,140.000000,TurboSpinEcho,10.960000,False
knee/data/singlecoil_train/file1000138.h5,CORPDFS_FBK,SIEMENS,Skyra,2.893620,15,HJD,640,368,1,320,320,1,280.000000,161.419998,4.500000,140.000000,140.000000,3.000000,332,0,0,2870.000000,33.000000,100.000000,140.000000,TurboSpinEcho,10.960000,True
knee/data/singlecoil_train/file1001229.h5,CORPD_FBK,SIEMENS,Skyra,2.893620,15,HJD,640,368,1,320,320,1,280.000000,161.419998,4.500000,140.000000,140.000000,3.000000,332,0,0,2300.000000,27.000000,100.000000,140.000000,TurboSpinEcho,8.850000,False
knee/data/singlecoil_train/file1000943.h5,CORPDFS_FBK,SIEMENS,Skyra,2.893620,15,HJD,640,368,1,320,320,1,280.000000,161.419998,4.500000,140.000000,140.000000,3.000000,332,0,0,2870.000000,33.000000,100.000000,140.000000,TurboSpinEcho,10.960000,True
knee/data/singlecoil_train/file1000420.h5,CORPDFS_FBK,SIEMENS,Aera,1.494000,15,HJD,640,372,1,320,320,1,280.000000,162.820007,4.500000,140.000000,140.000000,3.000000,335,0,0,3000.000000,33.000000,100.000000,150.000000,TurboSpinEcho,10.900000,False
knee/data/singlecoil_train/file1000535.h5,CORPDFS_FBK,SIEMENS,Biograph_mMR,2.893620,15,NYU,640,368,1,320,320,1,280.000000,161.419998,4.500000,140.000000,140.000000,3.000000,332,0,0,2870.000000,33.000000,100.000000,140.000000,TurboSpinEcho,10.960000,True
knee/data/singlecoil_train/file1002163.h5,CORPDFS_FBK,SIEMENS,Aera,1.494000,15,NYU,640,368,1,320,320,1,280.000000,161.279999,4.500000,140.000000,140.000000,3.000000,295,0,0,2970.000000,33.000000,100.000000,150.000000,TurboSpinEcho,10.900000,False
knee/data/singlecoil_train/file1002099.h5,CORPD_FBK,SIEMENS,Biograph_mMR,2.893620,15,NYU,640,368,1,320,320,1,280.000000,161.419998,4.500000,140.000000,140.000000,3.000000,332,0,0,2750.000000,27.000000,100.000000,140.000000,TurboSpinEcho,8.850000,False
knee/data/singlecoil_train/file1001200.h5,CORPD_FBK,SIEMENS,Skyra,2.893620,15,NYU,640,368,1,320,320,1,280.000000,161.419998,4.500000,140.000000,140.000000,3.000000,332,0,0,2750.000000,27.000000,100.000000,140.000000,TurboSpinEcho,8.850000,False
knee/data/singlecoil_train/file1002407.h5,CORPD_FBK,SIEMENS,Aera,1.494000,15,HJD,640,550,1,320,320,1,280.000000,240.660004,4.500000,140.000000,140.000000,3.000000,440,0,0,2800.000000,35.000000,100.000000,140.000000,TurboSpinEcho,8.800000,True
knee/data/singlecoil_train/file1001154.h5,CORPDFS_FBK,SIEMENS,Biograph_mMR,2.893620,15,NYU,640,368,1,320,320,1,280.000000,161.419998,4.500000,140.000000,140.000000,3.000000,332,0,0,2870.000000,33.000000,100.000000,140.000000,TurboSpinEcho,10.960000,True
knee/data/singlecoil_train/file1002044.h5,CORPDFS_FBK,SIEMENS,Skyra,2.893620,15,NYU,640,320,1,320,320,1,280.000000,140.000000,4.500000,140.000000,140.000000,3.000000,288,0,0,2870.000000,33.000000,100.000000,140.000000,TurboSpinEcho,10.960000,True
knee/data/singlecoil_train/file1001210.h5,CORPDFS_FBK,SIEMENS,Biograph_mMR,2.893620,15,NYU,640,368,1,320,320,1,280.000000,161.419998,4.500000,140.000000,140.000000,3.000000,332,0,0,3430.000000,33.000000,100.000000,140.000000,TurboSpinEcho,10.960000,True
knee/data/singlecoil_train/file1001024.h5,CORPDFS_FBK,SIEMENS,Skyra,2.893620,15,NYU,640,368,1,320,320,1,280.000000,161.419998,4.500000,140.000000,140.000000,3.000000,332,0,0,2870.000000,33.000000,100.000000,140.000000,TurboSpinEcho,10.960000,True
knee/data/singlecoil_train/file1001113.h5,CORPDFS_FBK,SIEMENS,Skyra,2.893620,15,NYU,640,368,1,320,320,1,280.000000,161.419998,4.500000,140.000000,140.000000,3.000000,332,0,0,2870.000000,33.000000,100.000000,140.000000,TurboSpinEcho,10.960000,True
knee/data/singlecoil_train/file1000850.h5,CORPD_FBK,SIEMENS,Skyra,2.893620,15,HJD,640,368,1,320,320,1,280.000000,161.419998,4.500000,140.000000,140.000000,3.000000,332,0,0,2750.000000,27.000000,100.000000,140.000000,TurboSpinEcho,8.850000,False
knee/data/singlecoil_train/file1000290.h5,CORPD_FBK,SIEMENS,Aera,1.494000,15,NYU,640,372,1,320,320,1,280.000000,162.820007,4.500000,140.000000,140.000000,3.000000,335,0,0,2800.000000,32.000000,100.000000,140.000000,TurboSpinEcho,10.780000,True
knee/data/singlecoil_train/file1001706.h5,CORPDFS_FBK,SIEMENS,Aera,1.494000,15,TH,640,372,1,320,320,1,280.000000,162.820007,4.500000,140.000000,140.000000,3.000000,335,0,0,3150.000000,33.000000,100.000000,150.000000,TurboSpinEcho,10.900000,True
knee/data/singlecoil_train/file1001266.h5,CORPD_FBK,SIEMENS,Skyra,2.893620,15,NYU,640,368,1,320,320,1,280.000000,161.419998,4.500000,140.000000,140.000000,3.000000,332,0,0,2750.000000,27.000000,100.000000,140.000000,TurboSpinEcho,8.850000,True
knee/data/singlecoil_train/file1001504.h5,CORPDFS_FBK,SIEMENS,Aera,1.494000,15,NYU,640,372,1,320,320,1,280.000000,162.820007,4.500000,140.000000,140.000000,3.000000,335,0,0,3320.000000,33.000000,100.000000,150.000000,TurboSpinEcho,10.900000,True
knee/data/singlecoil_train/file1000795.h5,CORPD_FBK,SIEMENS,Skyra,2.893620,15,NYU,640,368,1,320,320,1,280.000000,161.419998,4.500000,140.000000,140.000000,3.000000,332,0,0,2750.000000,27.000000,100.000000,140.000000,TurboSpinEcho,8.850000,True
knee/data/singlecoil_train/file1000876.h5,CORPDFS_FBK,SIEMENS,Aera,1.494000,15,NYU,640,372,1,320,320,1,280.000000,162.820007,4.500000,140.000000,140.000000,3.000000,335,0,0,3000.000000,33.000000,100.000000,150.000000,TurboSpinEcho,10.900000,True
knee/data/singlecoil_train/file1002239.h5,CORPD_FBK,SIEMENS,Aera,1.494000,15,NYU,640,372,1,320,320,1,280.000000,162.820007,4.500000,140.000000,140.000000,3.000000,335,0,0,2800.000000,32.000000,100.000000,140.000000,TurboSpinEcho,10.780000,False
knee/data/singlecoil_train/file1000378.h5,CORPD_FBK,SIEMENS,Aera,1.494000,15,NYU,640,372,1,320,320,1,280.000000,162.820007,4.500000,140.000000,140.000000,3.000000,335,0,0,2800.000000,32.000000,100.000000,140.000000,TurboSpinEcho,10.780000,False
knee/data/singlecoil_train/file1000123.h5,CORPDFS_FBK,SIEMENS,Aera,1.494000,15,HJD,640,372,1,320,320,1,280.000000,162.820007,4.500000,140.000000,140.000000,3.000000,335,0,0,3000.000000,33.000000,100.000000,150.000000,TurboSpinEcho,10.900000,True
knee/data/singlecoil_train/file1000801.h5,CORPD_FBK,SIEMENS,Skyra,2.893620,15,NYU,640,320,1,320,320,1,280.000000,140.000000,4.500000,140.000000,140.000000,3.000000,288,0,0,2750.000000,27.000000,100.000000,140.000000,TurboSpinEcho,8.850000,True
knee/data/singlecoil_train/file1000472.h5,CORPD_FBK,SIEMENS,Aera,1.494000,15,NYU,640,372,1,320,320,1,280.000000,162.820007,4.500000,140.000000,140.000000,3.000000,335,0,0,2800.000000,32.000000,100.000000,140.000000,TurboSpinEcho,10.780000,False
knee/data/singlecoil_train/file1002333.h5,CORPD_FBK,SIEMENS,Skyra,2.893620,15,NYU,640,368,1,320,320,1,502.000000,289.403015,4.500000,251.000000,251.000000,3.000000,332,0,0,2750.000000,24.000000,100.000000,140.000000,TurboSpinEcho,7.970000,False
knee/data/singlecoil_train/file1000211.h5,CORPDFS_FBK,SIEMENS,Biograph_mMR,2.893620,15,NYU,640,368,1,320,320,1,280.000000,161.419998,4.500000,140.000000,140.000000,3.000000,332,0,0,3120.000000,33.000000,100.000000,140.000000,TurboSpinEcho,10.960000,False
knee/data/singlecoil_train/file1001617.h5,CORPD_FBK,SIEMENS,Aera,1.494000,15,NYU,640,372,1,320,320,1,280.000000,162.820007,4.500000,140.000000,140.000000,3.000000,335,0,0,2800.000000,32.000000,100.000000,140.000000,TurboSpinEcho,10.780000,True
knee/data/singlecoil_train/file1002532.h5,CORPD_FBK,SIEMENS,Skyra,2.893620,15,NYU,640,368,1,320,320,1,280.000000,161.419998,4.500000,140.000000,140.000000,3.000000,332,0,0,2750.000000,27.000000,100.000000,140.000000,TurboSpinEcho,8.850000,False
knee/data/singlecoil_train/file1000715.h5,CORPD_FBK,SIEMENS,Aera,1.494000,15,HJD,640,372,1,320,320,1,280.000000,162.820007,4.500000,140.000000,140.000000,3.000000,335,0,0,2800.000000,32.000000,100.000000,140.000000,TurboSpinEcho,10.780000,False
knee/data/singlecoil_train/file1001615.h5,CORPDFS_FBK,SIEMENS,Skyra,2.893620,15,NYU,640,368,1,320,320,1,280.000000,161.419998,4.500000,140.000000,140.000000,3.000000,332,0,0,2870.000000,33.000000,100.000000,140.000000,TurboSpinEcho,10.960000,False
knee/data/singlecoil_train/file1001906.h5,CORPD_FBK,SIEMENS,Aera,1.494000,15,NYU,640,372,1,320,320,1,280.000000,162.820007,4.500000,140.000000,140.000000,3.000000,335,0,0,2800.000000,32.000000,100.000000,140.000000,TurboSpinEcho,10.780000,True
knee/data/singlecoil_train/file1001183.h5,CORPD_FBK,SIEMENS,Skyra,2.893620,15,NYU,640,368,1,320,320,1,280.000000,161.419998,4.500000,140.000000,140.000000,3.000000,332,0,0,2750.000000,27.000000,100.000000,140.000000,TurboSpinEcho,8.850000,True
knee/data/singlecoil_train/file1000088.h5,CORPDFS_FBK,SIEMENS,Aera,1.494000,15,HJD,640,372,1,320,320,1,280.000000,162.820007,4.500000,140.000000,140.000000,3.000000,335,0,0,3060.000000,33.000000,100.000000,150.000000,TurboSpinEcho,10.900000,True
knee/data/singlecoil_train/file1002041.h5,CORPDFS_FBK,SIEMENS,Biograph_mMR,2.893620,15,NYU,640,368,1,320,320,1,280.000000,161.419998,4.500000,140.000000,140.000000,3.000000,332,0,0,3040.000000,33.000000,100.000000,140.000000,TurboSpinEcho,10.960000,False
knee/data/singlecoil_train/file1001246.h5,CORPDFS_FBK,SIEMENS,Skyra,2.893620,15,HJD,640,368,1,320,320,1,280.000000,161.419998,4.500000,140.000000,140.000000,3.000000,332,0,0,2830.000000,33.000000,100.000000,140.000000,TurboSpinEcho,10.960000,True
knee/data/singlecoil_train/file1000116.h5,CORPD_FBK,SIEMENS,Skyra,2.893620,15,NYU,640,368,1,320,320,1,300.000000,172.949997,4.500000,150.000000,150.000000,3.000000,332,0,0,2750.000000,27.000000,100.000000,140.000000,TurboSpinEcho,8.850000,False
knee/data/singlecoil_train/file1000693.h5,CORPD_FBK,SIEMENS,Skyra,2.893620,15,NYU,640,368,1,320,320,1,280.000000,161.419998,4.500000,140.000000,140.000000,3.000000,332,0,0,2750.000000,27.000000,100.000000,140.000000,TurboSpinEcho,8.850000,True
knee/data/singlecoil_train/file1001257.h5,CORPDFS_FBK,SIEMENS,Skyra,2.893620,15,TH,640,368,1,320,320,1,280.000000,161.419998,4.500000,140.000000,140.000000,3.000000,332,0,0,2870.000000,33.000000,100.000000,140.000000,TurboSpinEcho,10.960000,True
knee/data/singlecoil_train/file1001098.h5,CORPD_FBK,SIEMENS,Skyra,2.893620,15,NYU,640,368,1,320,320,1,280.000000,161.419998,4.500000,140.000000,140.000000,3.000000,332,0,0,2750.000000,27.000000,100.000000,140.000000,TurboSpinEcho,8.850000,True
knee/data/singlecoil_train/file1001656.h5,CORPD_FBK,SIEMENS,Skyra,2.893620,15,NYU,640,368,1,320,320,1,280.000000,161.419998,4.500000,140.000000,140.000000,3.000000,332,0,0,2750.000000,27.000000,100.000000,140.000000,TurboSpinEcho,8.850000,True
knee/data/singlecoil_train/file1000340.h5,CORPDFS_FBK,SIEMENS,Aera,1.494000,15,HJD,640,372,1,320,320,1,280.000000,162.820007,4.500000,140.000000,140.000000,3.000000,335,0,0,3240.000000,33.000000,100.000000,150.000000,TurboSpinEcho,10.900000,False
knee/data/singlecoil_train/file1001915.h5,CORPD_FBK,SIEMENS,Aera,1.494000,15,HJD,640,372,1,320,320,1,280.000000,162.820007,4.500000,140.000000,140.000000,3.000000,335,0,0,2800.000000,32.000000,100.000000,140.000000,TurboSpinEcho,10.780000,True
knee/data/singlecoil_train/file1001116.h5,CORPD_FBK,SIEMENS,Skyra,2.893620,15,NYU,640,368,1,320,320,1,280.000000,161.419998,4.500000,140.000000,140.000000,3.000000,332,0,0,2750.000000,27.000000,100.000000,140.000000,TurboSpinEcho,8.850000,True
knee/data/singlecoil_train/file1001108.h5,CORPD_FBK,SIEMENS,Skyra,2.893620,15,NYU,640,368,1,320,320,1,280.000000,161.419998,4.500000,140.000000,140.000000,3.000000,332,0,0,2100.000000,27.000000,100.000000,140.000000,TurboSpinEcho,8.850000,False
knee/data/singlecoil_train/file1001973.h5,CORPDFS_FBK,SIEMENS,Biograph_mMR,2.893620,15,NYU,640,368,1,320,320,1,280.000000,161.419998,4.500000,140.000000,140.000000,3.000000,332,0,0,2880.000000,33.000000,100.000000,140.000000,TurboSpinEcho,10.960000,True
knee/data/singlecoil_train/file1000592.h5,CORPDFS_FBK,SIEMENS,Skyra,2.893620,15,NYU,640,368,1,320,320,1,280.000000,161.419998,4.500000,140.000000,140.000000,3.000000,332,0,0,2870.000000,33.000000,100.000000,140.000000,TurboSpinEcho,10.960000,True
knee/data/singlecoil_train/file1002444.h5,CORPD_FBK,SIEMENS,Skyra,2.893620,15,NYU,640,368,1,320,320,1,280.000000,161.419998,4.500000,140.000000,140.000000,3.000000,332,0,0,2750.000000,27.000000,100.000000,140.000000,TurboSpinEcho,8.850000,True
knee/data/singlecoil_train/file1000098.h5,CORPD_FBK,SIEMENS,Skyra,2.893620,15,NYU,640,368,1,320,320,1,280.000000,161.419998,4.500000,140.000000,140.000000,3.000000,332,0,0,2750.000000,27.000000,100.000000,140.000000,TurboSpinEcho,8.850000,False
knee/data/singlecoil_train/file1002227.h5,CORPDFS_FBK,SIEMENS,Skyra,2.893620,15,NYU,640,368,1,320,320,1,280.000000,161.419998,4.500000,140.000000,140.000000,3.000000,332,0,0,2870.000000,33.000000,100.000000,140.000000,TurboSpinEcho,10.960000,True
knee/data/singlecoil_train/file1001348.h5,CORPD_FBK,SIEMENS,Aera,1.494000,15,NYU,640,372,1,320,320,1,280.000000,162.820007,4.500000,140.000000,140.000000,3.000000,335,0,0,2300.000000,32.000000,100.000000,140.000000,TurboSpinEcho,10.780000,False
knee/data/singlecoil_train/file1001701.h5,CORPD_FBK,SIEMENS,Biograph_mMR,2.893620,15,NYU,640,368,1,320,320,1,280.000000,161.419998,4.500000,140.000000,140.000000,3.000000,332,0,0,2750.000000,27.000000,100.000000,140.000000,TurboSpinEcho,8.850000,True
knee/data/singlecoil_train/file1002423.h5,CORPD_FBK,SIEMENS,Skyra,2.893620,15,HJD,640,368,1,320,320,1,280.000000,161.419998,4.500000,140.000000,140.000000,3.000000,332,0,0,2750.000000,27.000000,100.000000,140.000000,TurboSpinEcho,8.850000,False
knee/data/singlecoil_train/file1000222.h5,CORPD_FBK,SIEMENS,Aera,1.494000,15,HJD,640,372,1,320,320,1,280.000000,162.820007,4.500000,140.000000,140.000000,3.000000,335,0,0,2800.000000,32.000000,100.000000,140.000000,TurboSpinEcho,10.780000,False
knee/data/singlecoil_train/file1002189.h5,CORPD_FBK,SIEMENS,Skyra,2.893620,15,NYU,640,368,1,320,320,1,280.000000,161.419998,4.500000,140.000000,140.000000,3.000000,332,0,0,2750.000000,27.000000,100.000000,140.000000,TurboSpinEcho,8.850000,False
knee/data/singlecoil_train/file1002143.h5,CORPDFS_FBK,SIEMENS,Skyra,2.893620,15,NYU,640,368,1,320,320,1,280.000000,161.419998,4.500000,140.000000,140.000000,3.000000,332,0,0,2870.000000,33.000000,100.000000,140.000000,TurboSpinEcho,10.960000,True
knee/data/singlecoil_train/file1002462.h5,CORPD_FBK,SIEMENS,Skyra,2.893620,15,HJD,640,368,1,320,320,1,280.000000,161.419998,4.500000,140.000000,140.000000,3.000000,332,0,0,2750.000000,27.000000,100.000000,140.000000,TurboSpinEcho,8.850000,False
knee/data/singlecoil_train/file1000947.h5,CORPDFS_FBK,SIEMENS,Skyra,2.893620,15,NYU,640,368,1,320,320,1,280.000000,161.419998,4.500000,140.000000,140.000000,3.000000,332,0,0,2870.000000,33.000000,100.000000,140.000000,TurboSpinEcho,10.960000,False
knee/data/singlecoil_train/file1002123.h5,CORPD_FBK,SIEMENS,Prisma_fit,2.893620,15,NYU,640,368,1,320,320,1,280.000000,161.419998,4.500000,140.000000,140.000000,3.000000,332,0,0,2750.000000,27.000000,100.000000,140.000000,TurboSpinEcho,8.850000,True
knee/data/singlecoil_train/file1002497.h5,CORPDFS_FBK,SIEMENS,Aera,1.494000,15,NYU,640,372,1,320,320,1,280.000000,162.820007,4.500000,140.000000,140.000000,3.000000,335,0,0,3000.000000,33.000000,100.000000,150.000000,TurboSpinEcho,10.900000,True
knee/data/singlecoil_train/file1002298.h5,CORPDFS_FBK,SIEMENS,Skyra,2.893620,15,NYU,640,368,1,320,320,1,280.000000,161.419998,4.500000,140.000000,140.000000,3.000000,332,0,0,2870.000000,33.000000,100.000000,140.000000,TurboSpinEcho,10.960000,False
knee/data/singlecoil_train/file1002334.h5,CORPDFS_FBK,SIEMENS,Skyra,2.893620,15,NYU,640,368,1,320,320,1,280.000000,161.419998,4.500000,140.000000,140.000000,3.000000,332,0,0,2970.000000,33.000000,100.000000,140.000000,TurboSpinEcho,10.960000,False
knee/data/singlecoil_train/file1002541.h5,CORPDFS_FBK,SIEMENS,Skyra,2.893620,15,NYU,640,368,1,320,320,1,280.000000,161.419998,4.500000,140.000000,140.000000,3.000000,332,0,0,2870.000000,33.000000,100.000000,140.000000,TurboSpinEcho,10.960000,True
knee/data/singlecoil_train/file1001309.h5,CORPD_FBK,SIEMENS,Aera,1.494000,15,NYU,640,372,1,320,320,1,280.000000,162.820007,4.500000,140.000000,140.000000,3.000000,335,0,0,2800.000000,32.000000,100.000000,140.000000,TurboSpinEcho,10.780000,True
knee/data/singlecoil_train/file1001654.h5,CORPDFS_FBK,SIEMENS,Prisma_fit,2.893620,15,NYU,640,368,1,320,320,1,280.000000,161.419998,4.500000,140.000000,140.000000,3.000000,332,0,0,2870.000000,33.000000,100.000000,140.000000,TurboSpinEcho,10.960000,False
knee/data/singlecoil_train/file1001528.h5,CORPD_FBK,SIEMENS,Biograph_mMR,2.893620,15,NYU,640,368,1,320,320,1,280.000000,161.419998,4.500000,140.000000,140.000000,3.000000,332,0,0,2750.000000,27.000000,100.000000,140.000000,TurboSpinEcho,8.850000,True
knee/data/singlecoil_train/file1000159.h5,CORPDFS_FBK,SIEMENS,Prisma_fit,2.893620,15,NYU,640,368,1,320,320,1,280.000000,161.419998,4.500000,140.000000,140.000000,3.000000,332,0,0,2870.000000,33.000000,100.000000,140.000000,TurboSpinEcho,10.960000,False
knee/data/singlecoil_train/file1002201.h5,CORPD_FBK,SIEMENS,Prisma_fit,2.893620,15,NYU,640,368,1,320,320,1,280.000000,161.419998,4.500000,140.000000,140.000000,3.000000,332,0,0,2750.000000,27.000000,100.000000,140.000000,TurboSpinEcho,8.850000,True
knee/data/singlecoil_train/file1001746.h5,CORPD_FBK,SIEMENS,Skyra,2.893620,15,NYU,640,368,1,320,320,1,280.000000,161.419998,4.500000,140.000000,140.000000,3.000000,332,0,0,2750.000000,27.000000,100.000000,140.000000,TurboSpinEcho,8.850000,True
knee/data/singlecoil_train/file1000167.h5,CORPDFS_FBK,SIEMENS,Aera,1.494000,15,NYU,640,372,1,320,320,1,280.000000,162.820007,4.500000,140.000000,140.000000,3.000000,335,0,0,3000.000000,33.000000,100.000000,150.000000,TurboSpinEcho,10.900000,False
knee/data/singlecoil_train/file1000794.h5,CORPD_FBK,SIEMENS,Skyra,2.893620,15,NYU,640,368,1,320,320,1,280.000000,161.419998,4.500000,140.000000,140.000000,3.000000,332,0,0,2750.000000,27.000000,100.000000,140.000000,TurboSpinEcho,8.850000,False
knee/data/singlecoil_train/file1001244.h5,CORPD_FBK,SIEMENS,Biograph_mMR,2.893620,15,NYU,640,368,1,320,320,1,280.000000,161.419998,4.500000,140.000000,140.000000,3.000000,332,0,0,2750.000000,27.000000,100.000000,140.000000,TurboSpinEcho,8.850000,True
knee/data/singlecoil_train/file1000851.h5,CORPD_FBK,SIEMENS,Skyra,2.893620,15,NYU,640,368,1,320,320,1,280.000000,161.419998,4.500000,140.000000,140.000000,3.000000,332,0,0,2750.000000,27.000000,100.000000,140.000000,TurboSpinEcho,8.850000,True
knee/data/singlecoil_train/file1002154.h5,CORPDFS_FBK,SIEMENS,Skyra,2.893620,15,TH,640,368,1,320,320,1,280.000000,161.419998,4.500000,140.000000,140.000000,3.000000,332,0,0,2870.000000,33.000000,100.000000,140.000000,TurboSpinEcho,10.960000,False
knee/data/singlecoil_train/file1002332.h5,CORPD_FBK,SIEMENS,Biograph_mMR,2.893620,15,NYU,640,368,1,320,320,1,280.000000,161.419998,4.500000,140.000000,140.000000,3.000000,332,0,0,2200.000000,27.000000,100.000000,140.000000,TurboSpinEcho,8.850000,False
knee/data/singlecoil_train/file1001993.h5,CORPD_FBK,SIEMENS,Skyra,2.893620,15,NYU,640,368,1,320,320,1,280.000000,161.419998,4.500000,140.000000,140.000000,3.000000,332,0,0,2100.000000,27.000000,100.000000,140.000000,TurboSpinEcho,8.850000,False
knee/data/singlecoil_train/file1001110.h5,CORPDFS_FBK,SIEMENS,Skyra,2.893620,15,NYU,640,368,1,320,320,1,280.000000,161.419998,4.500000,140.000000,140.000000,3.000000,332,0,0,2970.000000,33.000000,100.000000,140.000000,TurboSpinEcho,10.960000,False
knee/data/singlecoil_train/file1002569.h5,CORPD_FBK,SIEMENS,Biograph_mMR,2.893620,15,NYU,640,356,1,320,320,1,280.000000,155.539993,4.500000,140.000000,140.000000,3.000000,320,0,0,2600.000000,27.000000,100.000000,140.000000,TurboSpinEcho,8.850000,False
knee/data/singlecoil_train/file1000001.h5,CORPDFS_FBK,SIEMENS,Aera,1.494000,15,NYU,640,372,1,320,320,1,280.000000,162.820007,4.500000,140.000000,140.000000,3.000000,335,0,0,3150.000000,33.000000,100.000000,150.000000,TurboSpinEcho,10.900000,False
knee/data/singlecoil_train/file1001731.h5,CORPD_FBK,SIEMENS,Aera,1.494000,15,NYU,640,372,1,320,320,1,280.000000,162.820007,4.500000,140.000000,140.000000,3.000000,335,0,0,2800.000000,32.000000,100.000000,140.000000,TurboSpinEcho,10.780000,False
knee/data/singlecoil_train/file1002286.h5,CORPD_FBK,SIEMENS,Skyra,2.893620,15,NYU,640,368,1,320,320,1,280.000000,161.419998,4.500000,140.000000,140.000000,3.000000,332,0,0,2750.000000,27.000000,100.000000,140.000000,TurboSpinEcho,8.850000,False
knee/data/singlecoil_train/file1000968.h5,CORPD_FBK,SIEMENS,Aera,1.494000,15,NYU,640,372,1,320,320,1,280.000000,162.820007,4.500000,140.000000,140.000000,3.000000,335,0,0,2800.000000,32.000000,100.000000,140.000000,TurboSpinEcho,10.780000,False
knee/data/singlecoil_train/file1001299.h5,CORPDFS_FBK,SIEMENS,Skyra,2.893620,15,NYU,640,368,1,320,320,1,280.000000,161.419998,4.500000,140.000000,140.000000,3.000000,332,0,0,2870.000000,33.000000,100.000000,122.000000,TurboSpinEcho,10.960000,True
knee/data/singlecoil_train/file1000611.h5,CORPDFS_FBK,SIEMENS,Skyra,2.893620,15,NYU,640,368,1,320,320,1,280.000000,161.419998,4.500000,140.000000,140.000000,3.000000,332,0,0,3120.000000,33.000000,100.000000,140.000000,TurboSpinEcho,10.960000,False
knee/data/singlecoil_train/file1001927.h5,CORPDFS_FBK,SIEMENS,Skyra,2.893620,15,NYU,640,368,1,320,320,1,280.000000,161.419998,4.500000,140.000000,140.000000,3.000000,332,0,0,2870.000000,33.000000,100.000000,140.000000,TurboSpinEcho,10.960000,True
knee/data/singlecoil_train/file1001907.h5,CORPD_FBK,SIEMENS,Aera,1.494000,15,NYU,640,372,1,320,320,1,280.000000,162.820007,4.500000,140.000000,140.000000,3.000000,335,0,0,2800.000000,32.000000,100.000000,140.000000,TurboSpinEcho,10.780000,False
knee/data/singlecoil_train/file1002139.h5,CORPDFS_FBK,SIEMENS,Aera,1.494000,15,HJD,640,372,1,320,320,1,280.000000,162.820007,4.500000,140.000000,140.000000,3.000000,335,0,0,3150.000000,33.000000,100.000000,150.000000,TurboSpinEcho,10.900000,True
knee/data/singlecoil_train/file1000661.h5,CORPD_FBK,SIEMENS,Aera,1.494000,15,NYU,640,372,1,320,320,1,280.000000,162.820007,4.500000,140.000000,140.000000,3.000000,335,0,0,2800.000000,32.000000,100.000000,140.000000,TurboSpinEcho,10.780000,False
knee/data/singlecoil_train/file1001816.h5,CORPD_FBK,SIEMENS,Aera,1.494000,15,NYU,640,388,1,320,320,1,280.000000,170.100006,4.500000,140.000000,140.000000,3.000000,350,0,0,2800.000000,32.000000,100.000000,140.000000,TurboSpinEcho,10.780000,False
knee/data/singlecoil_train/file1000601.h5,CORPD_FBK,SIEMENS,Aera,1.494000,15,NYU,640,372,1,320,320,1,280.000000,162.820007,4.500000,140.000000,140.000000,3.000000,335,0,0,2800.000000,32.000000,100.000000,140.000000,TurboSpinEcho,10.780000,True
knee/data/singlecoil_train/file1000819.h5,CORPDFS_FBK,SIEMENS,Skyra,2.893620,15,NYU,640,368,1,320,320,1,280.000000,161.419998,4.500000,140.000000,140.000000,3.000000,332,0,0,3120.000000,33.000000,100.000000,140.000000,TurboSpinEcho,10.960000,True
knee/data/singlecoil_train/file1000617.h5,CORPD_FBK,SIEMENS,Aera,1.494000,15,NYU,640,372,1,320,320,1,280.000000,162.820007,4.500000,140.000000,140.000000,3.000000,335,0,0,2800.000000,32.000000,100.000000,140.000000,TurboSpinEcho,10.780000,True
knee/data/singlecoil_train/file1002293.h5,CORPD_FBK,SIEMENS,Prisma_fit,2.893620,15,NYU,640,368,1,320,320,1,280.000000,161.419998,4.500000,140.000000,140.000000,3.000000,332,0,0,2750.000000,27.000000,100.000000,140.000000,TurboSpinEcho,8.850000,True
knee/data/singlecoil_train/file1000475.h5,CORPDFS_FBK,SIEMENS,Skyra,2.893620,15,NYU,640,368,1,320,320,1,280.000000,161.419998,4.500000,140.000000,140.000000,3.000000,332,0,0,2870.000000,33.000000,100.000000,140.000000,TurboSpinEcho,10.960000,False
knee/data/singlecoil_train/file1001294.h5,CORPDFS_FBK,SIEMENS,Skyra,2.893620,15,HJD,640,368,1,320,320,1,280.000000,161.419998,4.500000,140.000000,140.000000,3.000000,332,0,0,2870.000000,33.000000,100.000000,140.000000,TurboSpinEcho,10.960000,True
knee/data/singlecoil_train/file1001485.h5,CORPD_FBK,SIEMENS,Aera,1.494000,15,HJD,640,372,1,320,320,1,280.000000,162.820007,4.500000,140.000000,140.000000,3.000000,335,0,0,2800.000000,32.000000,100.000000,140.000000,TurboSpinEcho,10.780000,True
knee/data/singlecoil_train/file1000086.h5,CORPD_FBK,SIEMENS,Aera,1.494000,15,NYU,640,372,1,320,320,1,280.000000,162.820007,4.500000,140.000000,140.000000,3.000000,335,0,0,2800.000000,32.000000,100.000000,140.000000,TurboSpinEcho,10.780000,True
knee/data/singlecoil_train/file1001672.h5,CORPDFS_FBK,SIEMENS,Biograph_mMR,2.893620,15,NYU,640,368,1,320,320,1,280.000000,161.419998,4.500000,140.000000,140.000000,3.000000,332,0,0,3350.000000,33.000000,100.000000,140.000000,TurboSpinEcho,10.960000,False
knee/data/singlecoil_train/file1000995.h5,CORPD_FBK,SIEMENS,Aera,1.494000,15,NYU,640,372,1,320,320,1,280.000000,162.820007,4.500000,140.000000,140.000000,3.000000,335,0,0,2800.000000,32.000000,100.000000,140.000000,TurboSpinEcho,10.780000,False
knee/data/singlecoil_train/file1002161.h5,CORPD_FBK,SIEMENS,Skyra,2.893620,15,NYU,640,368,1,320,320,1,280.000000,161.419998,4.500000,140.000000,140.000000,3.000000,332,0,0,2750.000000,27.000000,100.000000,140.000000,TurboSpinEcho,8.850000,True
knee/data/singlecoil_train/file1000936.h5,CORPDFS_FBK,SIEMENS,Aera,1.494000,15,NYU,640,372,1,320,320,1,280.000000,162.820007,4.500000,140.000000,140.000000,3.000000,335,0,0,3150.000000,33.000000,100.000000,150.000000,TurboSpinEcho,10.900000,False
knee/data/singlecoil_train/file1001340.h5,CORPDFS_FBK,SIEMENS,Aera,1.494000,15,NYU,640,372,1,320,320,1,280.000000,162.820007,4.500000,140.000000,140.000000,3.000000,335,0,0,3000.000000,33.000000,100.000000,150.000000,TurboSpinEcho,10.900000,True
knee/data/singlecoil_train/file1002385.h5,CORPD_FBK,SIEMENS,Biograph_mMR,2.893620,15,NYU,640,368,1,320,320,1,280.000000,161.419998,4.500000,140.000000,140.000000,3.000000,332,0,0,2750.000000,27.000000,100.000000,140.000000,TurboSpinEcho,8.850000,True
knee/data/singlecoil_train/file1002371.h5,CORPDFS_FBK,SIEMENS,Prisma_fit,2.893620,15,NYU,640,368,1,320,320,1,280.000000,161.419998,4.500000,140.000000,140.000000,3.000000,332,0,0,2870.000000,33.000000,100.000000,140.000000,TurboSpinEcho,10.960000,False
knee/data/singlecoil_train/file1001888.h5,CORPDFS_FBK,SIEMENS,Skyra,2.893620,15,NYU,640,368,1,320,320,1,280.000000,161.419998,4.500000,140.000000,140.000000,3.000000,332,0,0,2870.000000,33.000000,100.000000,140.000000,TurboSpinEcho,10.960000,False
knee/data/singlecoil_train/file1000514.h5,CORPDFS_FBK,SIEMENS,Aera,1.494000,15,NYU,640,388,1,320,320,1,280.000000,170.100006,4.500000,140.000000,140.000000,3.000000,350,0,0,3320.000000,33.000000,100.000000,150.000000,TurboSpinEcho,10.900000,True
knee/data/singlecoil_train/file1001849.h5,CORPDFS_FBK,SIEMENS,Skyra,2.893620,15,NYU,640,368,1,320,320,1,280.000000,161.419998,4.500000,140.000000,140.000000,3.000000,332,0,0,2870.000000,33.000000,100.000000,140.000000,TurboSpinEcho,10.960000,True
knee/data/singlecoil_train/file1000483.h5,CORPD_FBK,SIEMENS,Skyra,2.893620,15,NYU,640,368,1,320,320,1,280.000000,161.419998,4.500000,140.000000,140.000000,3.000000,332,0,0,2300.000000,27.000000,100.000000,140.000000,TurboSpinEcho,8.850000,False
knee/data/singlecoil_train/file1002505.h5,CORPDFS_FBK,SIEMENS,Skyra,2.893620,15,NYU,640,368,1,320,320,1,280.000000,161.419998,4.500000,140.000000,140.000000,3.000000,332,0,0,2870.000000,33.000000,100.000000,140.000000,TurboSpinEcho,10.960000,True
knee/data/singlecoil_train/file1000808.h5,CORPDFS_FBK,SIEMENS,Aera,1.494000,15,NYU,640,372,1,320,320,1,280.000000,162.820007,4.500000,140.000000,140.000000,3.000000,335,0,0,3000.000000,33.000000,100.000000,150.000000,TurboSpinEcho,10.900000,True
knee/data/singlecoil_train/file1000393.h5,CORPDFS_FBK,SIEMENS,Skyra,2.893620,15,NYU,640,368,1,320,320,1,280.000000,161.419998,4.500000,140.000000,140.000000,3.000000,332,0,0,2870.000000,33.000000,100.000000,140.000000,TurboSpinEcho,10.960000,True
knee/data/singlecoil_train/file1001256.h5,CORPD_FBK,SIEMENS,Aera,1.494000,15,NYU,640,372,1,320,320,1,280.000000,162.820007,4.500000,140.000000,140.000000,3.000000,335,0,0,2800.000000,32.000000,100.000000,140.000000,TurboSpinEcho,10.780000,False
knee/data/singlecoil_train/file1000662.h5,CORPD_FBK,SIEMENS,Aera,1.494000,15,HJD,640,372,1,320,320,1,280.000000,162.820007,4.500000,140.000000,140.000000,3.000000,335,0,0,2800.000000,32.000000,100.000000,140.000000,TurboSpinEcho,10.780000,False
knee/data/singlecoil_train/file1000865.h5,CORPDFS_FBK,SIEMENS,Aera,1.494000,15,HJD,640,372,1,320,320,1,280.000000,162.820007,4.500000,140.000000,140.000000,3.000000,335,0,0,3000.000000,33.000000,100.000000,150.000000,TurboSpinEcho,10.900000,True
knee/data/singlecoil_train/file1000115.h5,CORPDFS_FBK,SIEMENS,Prisma_fit,2.893620,15,NYU,640,368,1,320,320,1,280.000000,161.419998,4.500000,140.000000,140.000000,3.000000,332,0,0,3270.000000,33.000000,100.000000,140.000000,TurboSpinEcho,10.960000,True
knee/data/singlecoil_train/file1000643.h5,CORPDFS_FBK,SIEMENS,Skyra,2.893620,15,NYU,640,368,1,320,320,1,280.000000,161.419998,4.500000,140.000000,140.000000,3.000000,332,0,0,3120.000000,33.000000,100.000000,140.000000,TurboSpinEcho,10.960000,False
knee/data/singlecoil_train/file1001053.h5,CORPDFS_FBK,SIEMENS,Biograph_mMR,2.893620,15,NYU,640,368,1,320,320,1,280.000000,161.419998,4.500000,140.000000,140.000000,3.000000,332,0,0,3120.000000,33.000000,100.000000,140.000000,TurboSpinEcho,10.960000,False
knee/data/singlecoil_train/file1000492.h5,CORPD_FBK,SIEMENS,Aera,1.494000,15,NYU,640,322,1,320,320,1,280.000000,140.979996,4.500000,140.000000,140.000000,3.000000,290,0,0,2800.000000,32.000000,100.000000,140.000000,TurboSpinEcho,10.780000,True
knee/data/singlecoil_train/file1000401.h5,CORPD_FBK,SIEMENS,Aera,1.494000,15,NYU,640,372,1,320,320,1,280.000000,162.820007,4.500000,140.000000,140.000000,3.000000,335,0,0,2520.000000,32.000000,100.000000,140.000000,TurboSpinEcho,10.780000,False
knee/data/singlecoil_train/file1000602.h5,CORPDFS_FBK,SIEMENS,Aera,1.494000,15,NYU,640,372,1,320,320,1,280.000000,162.820007,4.500000,140.000000,140.000000,3.000000,335,0,0,3000.000000,33.000000,100.000000,150.000000,TurboSpinEcho,10.900000,False
knee/data/singlecoil_train/file1000501.h5,CORPDFS_FBK,SIEMENS,Aera,1.494000,15,NYU,640,372,1,320,320,1,280.000000,162.820007,4.500000,140.000000,140.000000,3.000000,335,0,0,3060.000000,33.000000,100.000000,150.000000,TurboSpinEcho,10.900000,True
knee/data/singlecoil_train/file1000846.h5,CORPDFS_FBK,SIEMENS,Prisma_fit,2.893620,15,NYU,640,368,1,320,320,1,280.000000,161.419998,4.500000,140.000000,140.000000,3.000000,332,0,0,2870.000000,33.000000,100.000000,140.000000,TurboSpinEcho,10.960000,False
knee/data/singlecoil_train/file1001306.h5,CORPD_FBK,SIEMENS,Aera,1.494000,15,NYU,640,372,1,320,320,1,280.000000,162.820007,4.500000,140.000000,140.000000,3.000000,335,0,0,2800.000000,32.000000,100.000000,140.000000,TurboSpinEcho,10.780000,True
knee/data/singlecoil_train/file1001732.h5,CORPD_FBK,SIEMENS,Skyra,2.893620,15,NYU,640,368,1,320,320,1,280.000000,161.419998,4.500000,140.000000,140.000000,3.000000,332,0,0,2750.000000,27.000000,100.000000,140.000000,TurboSpinEcho,8.850000,True
knee/data/singlecoil_train/file1000517.h5,CORPDFS_FBK,SIEMENS,Aera,1.494000,15,NYU,640,372,1,320,320,1,280.000000,162.820007,4.500000,140.000000,140.000000,3.000000,335,0,0,3060.000000,33.000000,100.000000,150.000000,TurboSpinEcho,10.900000,False
knee/data/singlecoil_train/file1000029.h5,CORPDFS_FBK,SIEMENS,Skyra,2.893620,15,NYU,640,368,1,320,320,1,280.000000,161.419998,4.500000,140.000000,140.000000,3.000000,332,0,0,2870.000000,33.000000,100.000000,140.000000,TurboSpinEcho,10.960000,True
knee/data/singlecoil_train/file1000089.h5,CORPD_FBK,SIEMENS,Biograph_mMR,2.893620,15,NYU,640,368,1,320,320,1,280.000000,161.419998,4.500000,140.000000,140.000000,3.000000,332,0,0,2750.000000,27.000000,100.000000,140.000000,TurboSpinEcho,8.850000,True
knee/data/singlecoil_train/file1000043.h5,CORPD_FBK,SIEMENS,Aera,1.494000,15,NYU,640,372,1,320,320,1,280.000000,162.820007,4.500000,140.000000,140.000000,3.000000,335,0,0,2870.000000,32.000000,100.000000,140.000000,TurboSpinEcho,10.780000,True
knee/data/singlecoil_train/file1000955.h5,CORPD_FBK,SIEMENS,Aera,1.494000,15,HJD,640,372,1,320,320,1,280.000000,162.820007,4.500000,140.000000,140.000000,3.000000,335,0,0,2800.000000,32.000000,100.000000,140.000000,TurboSpinEcho,10.780000,False
knee/data/singlecoil_train/file1001944.h5,CORPD_FBK,SIEMENS,Aera,1.494000,15,NYU,640,372,1,320,320,1,280.000000,162.820007,4.500000,140.000000,140.000000,3.000000,335,0,0,2800.000000,32.000000,100.000000,140.000000,TurboSpinEcho,10.780000,False
knee/data/singlecoil_train/file1001695.h5,CORPD_FBK,SIEMENS,Aera,1.494000,15,NYU,640,372,1,320,320,1,280.000000,162.820007,4.500000,140.000000,140.000000,3.000000,335,0,0,2800.000000,32.000000,100.000000,140.000000,TurboSpinEcho,10.780000,False
knee/data/singlecoil_train/file1002561.h5,CORPD_FBK,SIEMENS,Aera,1.494000,15,NYU,640,372,1,320,320,1,280.000000,162.820007,4.500000,140.000000,140.000000,3.000000,335,0,0,2240.000000,32.000000,100.000000,140.000000,TurboSpinEcho,10.780000,False
knee/data/singlecoil_train/file1002296.h5,CORPD_FBK,SIEMENS,Skyra,2.893620,15,NYU,640,368,1,320,320,1,280.000000,161.419998,4.500000,140.000000,140.000000,3.000000,332,0,0,2750.000000,27.000000,100.000000,140.000000,TurboSpinEcho,8.850000,True
knee/data/singlecoil_train/file1000489.h5,CORPD_FBK,SIEMENS,Biograph_mMR,2.893620,15,NYU,640,368,1,320,320,1,280.000000,161.419998,4.500000,140.000000,140.000000,3.000000,332,0,0,2300.000000,27.000000,100.000000,140.000000,TurboSpinEcho,8.850000,False
knee/data/singlecoil_train/file1002063.h5,CORPDFS_FBK,SIEMENS,Skyra,2.893620,15,NYU,640,368,1,320,320,1,280.000000,161.419998,4.500000,140.000000,140.000000,3.000000,332,0,0,2870.000000,33.000000,100.000000,140.000000,TurboSpinEcho,10.960000,False
knee/data/singlecoil_train/file1000833.h5,CORPD_FBK,SIEMENS,Aera,1.494000,15,NYU,640,372,1,320,320,1,280.000000,162.820007,4.500000,140.000000,140.000000,3.000000,335,0,0,2800.000000,32.000000,100.000000,140.000000,TurboSpinEcho,10.780000,False
knee/data/singlecoil_train/file1000927.h5,CORPDFS_FBK,SIEMENS,Skyra,2.893620,15,NYU,640,368,1,320,320,1,280.000000,161.419998,4.500000,140.000000,140.000000,3.000000,332,0,0,2870.000000,33.000000,100.000000,140.000000,TurboSpinEcho,10.960000,False
knee/data/singlecoil_train/file1001870.h5,CORPDFS_FBK,SIEMENS,Aera,1.494000,15,NYU,640,372,1,320,320,1,280.000000,162.820007,4.500000,140.000000,140.000000,3.000000,335,0,0,3000.000000,33.000000,100.000000,150.000000,TurboSpinEcho,10.900000,False
knee/data/singlecoil_train/file1002211.h5,CORPDFS_FBK,SIEMENS,Aera,1.494000,15,NYU,640,372,1,320,320,1,280.000000,162.820007,4.500000,140.000000,140.000000,3.000000,335,0,0,3000.000000,33.000000,100.000000,150.000000,TurboSpinEcho,10.900000,False
knee/data/singlecoil_train/file1001008.h5,CORPDFS_FBK,SIEMENS,Skyra,2.893620,15,NYU,640,368,1,320,320,1,280.000000,161.419998,4.500000,140.000000,140.000000,3.000000,332,0,0,2870.000000,33.000000,100.000000,140.000000,TurboSpinEcho,10.960000,False
knee/data/singlecoil_train/file1000582.h5,CORPD_FBK,SIEMENS,Skyra,2.893620,15,HJD,640,368,1,320,320,1,280.000000,161.419998,4.500000,140.000000,140.000000,3.000000,332,0,0,2750.000000,27.000000,100.000000,140.000000,TurboSpinEcho,8.850000,False
knee/data/singlecoil_train/file1001942.h5,CORPDFS_FBK,SIEMENS,Skyra,2.893620,15,HJD,640,368,1,320,320,1,280.000000,161.419998,4.500000,140.000000,140.000000,3.000000,332,0,0,2970.000000,33.000000,100.000000,140.000000,TurboSpinEcho,10.960000,False
knee/data/singlecoil_train/file1000425.h5,CORPDFS_FBK,SIEMENS,Aera,1.494000,15,TH,640,372,1,320,320,1,280.000000,162.820007,4.500000,140.000000,140.000000,3.000000,335,0,0,3060.000000,33.000000,100.000000,150.000000,TurboSpinEcho,10.900000,True
knee/data/singlecoil_train/file1002425.h5,CORPD_FBK,SIEMENS,Skyra,2.893620,15,NYU,640,368,1,320,320,1,280.000000,161.419998,4.500000,140.000000,140.000000,3.000000,332,0,0,2750.000000,27.000000,100.000000,140.000000,TurboSpinEcho,8.850000,False
knee/data/singlecoil_train/file1000287.h5,CORPD_FBK,SIEMENS,Prisma_fit,2.893620,15,NYU,640,368,1,320,320,1,280.000000,161.419998,4.500000,140.000000,140.000000,3.000000,332,0,0,2100.000000,27.000000,100.000000,140.000000,TurboSpinEcho,8.850000,True
knee/data/singlecoil_train/file1001033.h5,CORPD_FBK,SIEMENS,Skyra,2.893620,15,NYU,640,368,1,320,320,1,280.000000,161.419998,4.500000,140.000000,140.000000,3.000000,332,0,0,2750.000000,27.000000,100.000000,140.000000,TurboSpinEcho,8.850000,False
knee/data/singlecoil_train/file1001334.h5,CORPD_FBK,SIEMENS,Aera,1.494000,15,NYU,640,372,1,320,320,1,280.000000,162.820007,4.500000,140.000000,140.000000,3.000000,335,0,0,2800.000000,32.000000,100.000000,140.000000,TurboSpinEcho,10.780000,True
knee/data/singlecoil_train/file1000584.h5,CORPD_FBK,SIEMENS,Biograph_mMR,2.893620,15,NYU,640,368,1,320,320,1,280.000000,161.419998,4.500000,140.000000,140.000000,3.000000,332,0,0,2750.000000,27.000000,100.000000,140.000000,TurboSpinEcho,8.850000,False
knee/data/singlecoil_train/file1000778.h5,CORPDFS_FBK,SIEMENS,Skyra,2.893620,15,NYU,640,368,1,320,320,1,280.000000,161.419998,4.500000,140.000000,140.000000,3.000000,332,0,0,2870.000000,33.000000,100.000000,140.000000,TurboSpinEcho,10.960000,False
knee/data/singlecoil_train/file1001795.h5,CORPDFS_FBK,SIEMENS,Aera,1.494000,15,NYU,640,372,1,320,320,1,280.000000,162.820007,4.500000,140.000000,140.000000,3.000000,335,0,0,3000.000000,33.000000,100.000000,150.000000,TurboSpinEcho,10.900000,True
knee/data/singlecoil_train/file1002118.h5,CORPD_FBK,SIEMENS,Skyra,2.893620,15,NYU,640,368,1,320,320,1,280.000000,161.419998,4.500000,140.000000,140.000000,3.000000,332,0,0,2750.000000,27.000000,100.000000,140.000000,TurboSpinEcho,8.850000,False
knee/data/singlecoil_train/file1002492.h5,CORPDFS_FBK,SIEMENS,Skyra,2.893620,15,NYU,640,368,1,320,320,1,280.000000,161.419998,4.500000,140.000000,140.000000,3.000000,332,0,0,2870.000000,33.000000,100.000000,140.000000,TurboSpinEcho,10.960000,True
knee/data/singlecoil_train/file1002430.h5,CORPD_FBK,SIEMENS,Biograph_mMR,2.893620,15,NYU,640,368,1,320,320,1,280.000000,161.419998,4.500000,140.000000,140.000000,3.000000,332,0,0,2300.000000,27.000000,100.000000,140.000000,TurboSpinEcho,8.850000,True
knee/data/singlecoil_train/file1001130.h5,CORPDFS_FBK,SIEMENS,Skyra,2.893620,15,NYU,640,368,1,320,320,1,280.000000,161.419998,4.500000,140.000000,140.000000,3.000000,332,0,0,2900.000000,33.000000,100.000000,140.000000,TurboSpinEcho,10.960000,True
knee/data/singlecoil_train/file1001277.h5,CORPDFS_FBK,SIEMENS,Skyra,2.893620,15,NYU,640,368,1,320,320,1,280.000000,161.419998,4.500000,140.000000,140.000000,3.000000,332,0,0,2900.000000,33.000000,100.000000,140.000000,TurboSpinEcho,10.960000,False
knee/data/singlecoil_train/file1001094.h5,CORPDFS_FBK,SIEMENS,Aera,1.494000,15,NYU,640,372,1,320,320,1,280.000000,162.820007,4.500000,140.000000,140.000000,3.000000,335,0,0,3000.000000,33.000000,100.000000,150.000000,TurboSpinEcho,10.900000,False
knee/data/singlecoil_train/file1001014.h5,CORPDFS_FBK,SIEMENS,Skyra,2.893620,15,NYU,640,368,1,320,320,1,280.000000,161.419998,4.500000,140.000000,140.000000,3.000000,332,0,0,2900.000000,33.000000,100.000000,140.000000,TurboSpinEcho,10.960000,True
knee/data/singlecoil_train/file1002485.h5,CORPD_FBK,SIEMENS,Aera,1.494000,15,NYU,640,372,1,320,320,1,280.000000,162.820007,4.500000,140.000000,140.000000,3.000000,335,0,0,2800.000000,32.000000,100.000000,140.000000,TurboSpinEcho,10.780000,False
knee/data/singlecoil_train/file1001857.h5,CORPD_FBK,SIEMENS,Skyra,2.893620,15,NYU,640,368,1,320,320,1,280.000000,161.419998,4.500000,140.000000,140.000000,3.000000,332,0,0,2750.000000,27.000000,100.000000,140.000000,TurboSpinEcho,8.850000,True
knee/data/singlecoil_train/file1001022.h5,CORPD_FBK,SIEMENS,Prisma_fit,2.893620,15,NYU,640,368,1,320,320,1,280.000000,161.419998,4.500000,140.000000,140.000000,3.000000,332,0,0,2300.000000,27.000000,100.000000,140.000000,TurboSpinEcho,8.850000,True
knee/data/singlecoil_train/file1001609.h5,CORPD_FBK,SIEMENS,Aera,1.494000,15,NYU,640,372,1,320,320,1,280.000000,162.820007,4.500000,140.000000,140.000000,3.000000,335,0,0,2800.000000,32.000000,100.000000,140.000000,TurboSpinEcho,10.780000,False
knee/data/singlecoil_train/file1001920.h5,CORPD_FBK,SIEMENS,Aera,1.494000,15,NYU,640,372,1,320,320,1,280.000000,162.820007,4.500000,140.000000,140.000000,3.000000,335,0,0,2800.000000,32.000000,100.000000,140.000000,TurboSpinEcho,10.780000,True
knee/data/singlecoil_train/file1000997.h5,CORPD_FBK,SIEMENS,Skyra,2.893620,15,NYU,640,368,1,320,320,1,280.000000,161.419998,4.500000,140.000000,140.000000,3.000000,332,0,0,2000.000000,27.000000,100.000000,140.000000,TurboSpinEcho,8.850000,True
knee/data/singlecoil_train/file1000689.h5,CORPDFS_FBK,SIEMENS,Aera,1.494000,15,NYU,640,372,1,320,320,1,280.000000,162.820007,4.500000,140.000000,140.000000,3.000000,335,0,0,3000.000000,33.000000,100.000000,150.000000,TurboSpinEcho,10.900000,False
knee/data/singlecoil_train/file1001969.h5,CORPDFS_FBK,SIEMENS,Biograph_mMR,2.893620,15,NYU,640,368,1,320,320,1,280.000000,161.419998,4.500000,140.000000,140.000000,3.000000,332,0,0,2870.000000,33.000000,100.000000,140.000000,TurboSpinEcho,10.960000,True
knee/data/singlecoil_train/file1001519.h5,CORPDFS_FBK,SIEMENS,Aera,1.494000,15,NYU,640,372,1,320,320,1,280.000000,162.820007,4.500000,140.000000,140.000000,3.000000,335,0,0,3000.000000,33.000000,100.000000,150.000000,TurboSpinEcho,10.900000,False
knee/data/singlecoil_train/file1000547.h5,CORPDFS_FBK,SIEMENS,Aera,1.494000,15,NYU,640,372,1,320,320,1,280.000000,162.820007,4.500000,140.000000,140.000000,3.000000,335,0,0,3060.000000,33.000000,100.000000,150.000000,TurboSpinEcho,10.900000,False
knee/data/singlecoil_train/file1001992.h5,CORPD_FBK,SIEMENS,Biograph_mMR,2.893620,15,NYU,640,368,1,320,320,1,280.000000,161.419998,4.500000,140.000000,140.000000,3.000000,332,0,0,2750.000000,27.000000,100.000000,140.000000,TurboSpinEcho,8.850000,True
knee/data/singlecoil_train/file1001905.h5,CORPD_FBK,SIEMENS,Skyra,2.893620,15,NYU,640,368,1,320,320,1,280.000000,161.419998,4.500000,140.000000,140.000000,3.000000,332,0,0,2400.000000,27.000000,100.000000,140.000000,TurboSpinEcho,8.850000,False
knee/data/singlecoil_train/file1000191.h5,CORPD_FBK,SIEMENS,Skyra,2.893620,15,NYU,640,368,1,320,320,1,280.000000,161.419998,4.500000,140.000000,140.000000,3.000000,332,0,0,2750.000000,27.000000,100.000000,140.000000,TurboSpinEcho,8.850000,False
knee/data/singlecoil_train/file1001613.h5,CORPD_FBK,SIEMENS,Skyra,2.893620,15,NYU,640,368,1,320,320,1,300.000000,172.949997,4.500000,150.000000,150.000000,3.000000,332,0,0,2750.000000,27.000000,100.000000,140.000000,TurboSpinEcho,8.850000,True
knee/data/singlecoil_train/file1000719.h5,CORPD_FBK,SIEMENS,Aera,1.494000,15,NYU,640,372,1,320,320,1,280.000000,162.820007,4.500000,140.000000,140.000000,3.000000,335,0,0,2800.000000,32.000000,100.000000,140.000000,TurboSpinEcho,10.780000,False
knee/data/singlecoil_train/file1000561.h5,CORPDFS_FBK,SIEMENS,Skyra,2.893620,15,NYU,640,368,1,320,320,1,280.000000,161.419998,4.500000,140.000000,140.000000,3.000000,332,0,0,2870.000000,33.000000,100.000000,140.000000,TurboSpinEcho,10.960000,False
knee/data/singlecoil_train/file1002510.h5,CORPD_FBK,SIEMENS,Aera,1.494000,15,NYU,640,372,1,320,320,1,280.000000,162.820007,4.500000,140.000000,140.000000,3.000000,335,0,0,2800.000000,32.000000,100.000000,140.000000,TurboSpinEcho,10.780000,True
knee/data/singlecoil_train/file1001836.h5,CORPDFS_FBK,SIEMENS,Aera,1.494000,15,NYU,640,372,1,320,320,1,280.000000,162.820007,4.500000,140.000000,140.000000,3.000000,335,0,0,3000.000000,33.000000,100.000000,150.000000,TurboSpinEcho,10.900000,False
knee/data/singlecoil_train/file1002303.h5,CORPD_FBK,SIEMENS,Skyra,2.893620,15,NYU,640,368,1,320,320,1,280.000000,161.419998,4.500000,140.000000,140.000000,3.000000,332,0,0,2750.000000,27.000000,100.000000,140.000000,TurboSpinEcho,8.850000,True
knee/data/singlecoil_train/file1001216.h5,CORPD_FBK,SIEMENS,Aera,1.494000,15,NYU,640,322,1,320,320,1,280.000000,140.979996,4.500000,140.000000,140.000000,3.000000,290,0,0,2800.000000,32.000000,100.000000,140.000000,TurboSpinEcho,10.780000,False
knee/data/singlecoil_train/file1002359.h5,CORPD_FBK,SIEMENS,Aera,1.494000,15,HJD,640,372,1,320,320,1,280.000000,162.820007,4.500000,140.000000,140.000000,3.000000,335,0,0,2800.000000,32.000000,100.000000,140.000000,TurboSpinEcho,10.780000,True
knee/data/singlecoil_train/file1001550.h5,CORPD_FBK,SIEMENS,Aera,1.494000,15,NYU,640,322,1,320,320,1,280.000000,140.979996,4.500000,140.000000,140.000000,3.000000,290,0,0,2800.000000,32.000000,100.000000,140.000000,TurboSpinEcho,10.780000,False
knee/data/singlecoil_train/file1000518.h5,CORPDFS_FBK,SIEMENS,Skyra,2.893620,15,NYU,640,368,1,320,320,1,280.000000,161.419998,4.500000,140.000000,140.000000,3.000000,332,0,0,2870.000000,33.000000,100.000000,140.000000,TurboSpinEcho,10.960000,True
knee/data/singlecoil_train/file1001468.h5,CORPD_FBK,SIEMENS,Skyra,2.893620,15,NYU,640,368,1,320,320,1,280.000000,161.419998,4.500000,140.000000,140.000000,3.000000,332,0,0,2750.000000,27.000000,100.000000,140.000000,TurboSpinEcho,8.850000,False
knee/data/singlecoil_train/file1001420.h5,CORPDFS_FBK,SIEMENS,Skyra,2.893620,15,NYU,640,368,1,320,320,1,280.000000,161.419998,4.500000,140.000000,140.000000,3.000000,332,0,0,2870.000000,33.000000,100.000000,140.000000,TurboSpinEcho,10.960000,False
knee/data/singlecoil_train/file1002543.h5,CORPDFS_FBK,SIEMENS,Aera,1.494000,15,NYU,640,372,1,320,320,1,280.000000,162.820007,4.500000,140.000000,140.000000,3.000000,335,0,0,3000.000000,33.000000,100.000000,150.000000,TurboSpinEcho,10.900000,True
knee/data/singlecoil_train/file1001878.h5,CORPDFS_FBK,SIEMENS,Skyra,2.893620,15,NYU,640,368,1,320,320,1,280.000000,161.419998,4.500000,140.000000,140.000000,3.000000,332,0,0,2870.000000,33.000000,100.000000,140.000000,TurboSpinEcho,10.960000,True
knee/data/singlecoil_train/file1000884.h5,CORPDFS_FBK,SIEMENS,Skyra,2.893620,15,NYU,640,368,1,320,320,1,280.000000,161.419998,4.500000,140.000000,140.000000,3.000000,332,0,0,2450.000000,33.000000,100.000000,140.000000,TurboSpinEcho,10.960000,True
knee/data/singlecoil_train/file1002097.h5,CORPD_FBK,SIEMENS,Biograph_mMR,2.893620,15,NYU,640,368,1,320,320,1,280.000000,161.419998,4.500000,140.000000,140.000000,3.000000,332,0,0,2750.000000,27.000000,100.000000,140.000000,TurboSpinEcho,8.850000,True
knee/data/singlecoil_train/file1002170.h5,CORPD_FBK,SIEMENS,Biograph_mMR,2.893620,15,NYU,640,368,1,320,320,1,280.000000,161.419998,4.500000,140.000000,140.000000,3.000000,332,0,0,2750.000000,27.000000,100.000000,140.000000,TurboSpinEcho,8.850000,False
knee/data/singlecoil_train/file1002234.h5,CORPD_FBK,SIEMENS,Biograph_mMR,2.893620,15,NYU,640,368,1,320,320,1,280.000000,161.419998,4.500000,140.000000,140.000000,3.000000,332,0,0,2750.000000,27.000000,100.000000,140.000000,TurboSpinEcho,8.850000,False
knee/data/singlecoil_train/file1002363.h5,CORPDFS_FBK,SIEMENS,Skyra,2.893620,15,NYU,640,368,1,320,320,1,280.000000,161.419998,4.500000,140.000000,140.000000,3.000000,332,0,0,2870.000000,33.000000,100.000000,140.000000,TurboSpinEcho,10.960000,True
knee/data/singlecoil_train/file1000734.h5,CORPD_FBK,SIEMENS,Aera,1.494000,15,NYU,640,372,1,320,320,1,280.000000,162.820007,4.500000,140.000000,140.000000,3.000000,335,0,0,2800.000000,32.000000,100.000000,140.000000,TurboSpinEcho,10.780000,False
knee/data/singlecoil_train/file1001436.h5,CORPD_FBK,SIEMENS,Aera,1.494000,15,NYU,640,372,1,320,320,1,280.000000,162.820007,4.500000,140.000000,140.000000,3.000000,335,0,0,2300.000000,32.000000,100.000000,140.000000,TurboSpinEcho,10.780000,True
knee/data/singlecoil_train/file1000176.h5,CORPD_FBK,SIEMENS,Aera,1.494000,15,NYU,640,372,1,320,320,1,280.000000,162.820007,4.500000,140.000000,140.000000,3.000000,335,0,0,2800.000000,32.000000,100.000000,140.000000,TurboSpinEcho,10.780000,False
knee/data/singlecoil_train/file1002369.h5,CORPDFS_FBK,SIEMENS,Skyra,2.893620,15,NYU,640,368,1,320,320,1,280.000000,161.419998,4.500000,140.000000,140.000000,3.000000,332,0,0,2870.000000,33.000000,100.000000,140.000000,TurboSpinEcho,10.960000,True
knee/data/singlecoil_train/file1000768.h5,CORPD_FBK,SIEMENS,Aera,1.494000,15,NYU,640,372,1,320,320,1,280.000000,162.820007,4.500000,140.000000,140.000000,3.000000,335,0,0,2800.000000,32.000000,100.000000,140.000000,TurboSpinEcho,10.780000,False
knee/data/singlecoil_train/file1000250.h5,CORPDFS_FBK,SIEMENS,Aera,1.494000,15,NYU,640,372,1,320,320,1,280.000000,162.820007,4.500000,140.000000,140.000000,3.000000,335,0,0,3000.000000,33.000000,100.000000,150.000000,TurboSpinEcho,10.900000,True
knee/data/singlecoil_train/file1001101.h5,CORPD_FBK,SIEMENS,Aera,1.494000,15,NYU,640,372,1,320,320,1,280.000000,162.820007,4.500000,140.000000,140.000000,3.000000,335,0,0,2800.000000,32.000000,100.000000,140.000000,TurboSpinEcho,10.780000,True
knee/data/singlecoil_train/file1002509.h5,CORPDFS_FBK,SIEMENS,Aera,1.494000,15,NYU,640,372,1,320,320,1,280.000000,162.820007,4.500000,140.000000,140.000000,3.000000,335,0,0,3000.000000,33.000000,100.000000,150.000000,TurboSpinEcho,10.900000,False
knee/data/singlecoil_train/file1000015.h5,CORPDFS_FBK,SIEMENS,Aera,1.494000,15,NYU,640,372,1,320,320,1,280.000000,162.820007,4.500000,140.000000,140.000000,3.000000,335,0,0,3150.000000,33.000000,100.000000,150.000000,TurboSpinEcho,10.900000,True
knee/data/singlecoil_train/file1000770.h5,CORPD_FBK,SIEMENS,Biograph_mMR,2.893620,15,NYU,640,368,1,320,320,1,280.000000,161.419998,4.500000,140.000000,140.000000,3.000000,332,0,0,2750.000000,27.000000,100.000000,140.000000,TurboSpinEcho,8.850000,False
knee/data/singlecoil_train/file1001823.h5,CORPD_FBK,SIEMENS,Skyra,2.893620,15,NYU,640,368,1,320,320,1,280.000000,161.419998,4.500000,140.000000,140.000000,3.000000,332,0,0,2750.000000,27.000000,100.000000,140.000000,TurboSpinEcho,8.850000,False
knee/data/singlecoil_train/file1001575.h5,CORPD_FBK,SIEMENS,Aera,1.494000,15,NYU,640,372,1,320,320,1,280.000000,162.820007,4.500000,140.000000,140.000000,3.000000,335,0,0,2800.000000,32.000000,100.000000,140.000000,TurboSpinEcho,10.780000,True
knee/data/singlecoil_train/file1002499.h5,CORPDFS_FBK,SIEMENS,Aera,1.494000,15,NYU,640,372,1,320,320,1,280.000000,162.820007,4.500000,140.000000,140.000000,3.000000,335,0,0,3150.000000,33.000000,100.000000,150.000000,TurboSpinEcho,10.900000,False
knee/data/singlecoil_train/file1000458.h5,CORPDFS_FBK,SIEMENS,Aera,1.494000,15,NYU,640,372,1,320,320,1,280.000000,162.820007,4.500000,140.000000,140.000000,3.000000,335,0,0,3000.000000,33.000000,100.000000,150.000000,TurboSpinEcho,10.900000,True
knee/data/singlecoil_train/file1002567.h5,CORPD_FBK,SIEMENS,Biograph_mMR,2.893620,15,NYU,640,368,1,320,320,1,280.000000,161.419998,4.500000,140.000000,140.000000,3.000000,332,0,0,2200.000000,27.000000,100.000000,140.000000,TurboSpinEcho,8.850000,True
knee/data/singlecoil_train/file1002022.h5,CORPD_FBK,SIEMENS,Aera,1.494000,15,NYU,640,372,1,320,320,1,280.000000,162.820007,4.500000,140.000000,140.000000,3.000000,335,0,0,2800.000000,32.000000,100.000000,140.000000,TurboSpinEcho,10.780000,False
knee/data/singlecoil_train/file1000633.h5,CORPD_FBK,SIEMENS,Skyra,2.893620,15,NYU,640,368,1,320,320,1,280.000000,161.419998,4.500000,140.000000,140.000000,3.000000,332,0,0,2750.000000,27.000000,100.000000,140.000000,TurboSpinEcho,8.850000,False
knee/data/singlecoil_train/file1001424.h5,CORPD_FBK,SIEMENS,Skyra,2.893620,15,NYU,640,368,1,320,320,1,280.000000,161.419998,4.500000,140.000000,140.000000,3.000000,332,0,0,2750.000000,27.000000,100.000000,140.000000,TurboSpinEcho,8.850000,False
knee/data/singlecoil_train/file1002458.h5,CORPD_FBK,SIEMENS,Aera,1.494000,15,HJD,640,372,1,320,320,1,280.000000,162.820007,4.500000,140.000000,140.000000,3.000000,335,0,0,2800.000000,32.000000,100.000000,140.000000,TurboSpinEcho,10.780000,False
knee/data/singlecoil_train/file1002378.h5,CORPDFS_FBK,SIEMENS,Aera,1.494000,15,NYU,640,372,1,320,320,1,280.000000,162.820007,4.500000,140.000000,140.000000,3.000000,335,0,0,3150.000000,33.000000,100.000000,150.000000,TurboSpinEcho,10.900000,True
knee/data/singlecoil_train/file1001426.h5,CORPD_FBK,SIEMENS,Skyra,2.893620,15,NYU,640,368,1,320,320,1,280.000000,161.419998,4.500000,140.000000,140.000000,3.000000,332,0,0,2750.000000,27.000000,100.000000,140.000000,TurboSpinEcho,8.850000,True
knee/data/singlecoil_train/file1000244.h5,CORPD_FBK,SIEMENS,Skyra,2.893620,15,NYU,640,368,1,320,320,1,280.000000,161.419998,4.500000,140.000000,140.000000,3.000000,332,0,0,2750.000000,27.000000,100.000000,140.000000,TurboSpinEcho,8.850000,True
knee/data/singlecoil_train/file1001806.h5,CORPDFS_FBK,SIEMENS,Skyra,2.893620,15,NYU,640,368,1,320,320,1,280.000000,161.419998,4.500000,140.000000,140.000000,3.000000,332,0,0,2870.000000,33.000000,100.000000,140.000000,TurboSpinEcho,10.960000,False
knee/data/singlecoil_train/file1000637.h5,CORPDFS_FBK,SIEMENS,Skyra,2.893620,15,HJD,640,368,1,320,320,1,280.000000,161.419998,4.500000,140.000000,140.000000,3.000000,332,0,0,2870.000000,33.000000,100.000000,140.000000,TurboSpinEcho,10.960000,True
knee/data/singlecoil_train/file1001989.h5,CORPD_FBK,SIEMENS,Skyra,2.893620,15,NYU,640,368,1,320,320,1,280.000000,161.419998,4.500000,140.000000,140.000000,3.000000,332,0,0,2750.000000,27.000000,100.000000,140.000000,TurboSpinEcho,8.850000,False
knee/data/singlecoil_train/file1000554.h5,CORPDFS_FBK,SIEMENS,Biograph_mMR,2.893620,15,NYU,640,368,1,320,320,1,280.000000,161.419998,4.500000,140.000000,140.000000,3.000000,332,0,0,3200.000000,33.000000,100.000000,140.000000,TurboSpinEcho,10.960000,True
knee/data/singlecoil_train/file1000331.h5,CORPD_FBK,SIEMENS,Skyra,2.893620,15,NYU,640,368,1,320,320,1,280.000000,161.419998,4.500000,140.000000,140.000000,3.000000,332,0,0,2750.000000,27.000000,100.000000,140.000000,TurboSpinEcho,8.850000,True
knee/data/singlecoil_train/file1001837.h5,CORPD_FBK,SIEMENS,Skyra,2.893620,15,HJD,640,368,1,320,320,1,280.000000,161.419998,4.500000,140.000000,140.000000,3.000000,332,0,0,2750.000000,27.000000,100.000000,140.000000,TurboSpinEcho,8.850000,True
knee/data/singlecoil_train/file1001387.h5,CORPDFS_FBK,SIEMENS,Skyra,2.893620,15,NYU,640,320,1,320,320,1,280.000000,140.000000,4.500000,140.000000,140.000000,3.000000,288,0,0,2870.000000,33.000000,100.000000,140.000000,TurboSpinEcho,10.960000,True
knee/data/singlecoil_train/file1001872.h5,CORPD_FBK,SIEMENS,Skyra,2.893620,15,HJD,640,368,1,320,320,1,280.000000,161.419998,4.500000,140.000000,140.000000,3.000000,332,0,0,2750.000000,27.000000,100.000000,140.000000,TurboSpinEcho,8.850000,True
knee/data/singlecoil_train/file1000615.h5,CORPDFS_FBK,SIEMENS,Aera,1.494000,15,NYU,640,372,1,320,320,1,280.000000,162.820007,4.500000,140.000000,140.000000,3.000000,335,0,0,3240.000000,33.000000,100.000000,150.000000,TurboSpinEcho,10.900000,False
knee/data/singlecoil_train/file1001120.h5,CORPD_FBK,SIEMENS,Skyra,2.893620,15,NYU,640,368,1,320,320,1,280.000000,161.419998,4.500000,140.000000,140.000000,3.000000,332,0,0,2750.000000,27.000000,100.000000,140.000000,TurboSpinEcho,8.850000,True
knee/data/singlecoil_train/file1001722.h5,CORPD_FBK,SIEMENS,Aera,1.494000,15,NYU,640,372,1,320,320,1,280.000000,162.820007,4.500000,140.000000,140.000000,3.000000,335,0,0,2800.000000,32.000000,100.000000,140.000000,TurboSpinEcho,10.780000,False
knee/data/singlecoil_train/file1000504.h5,CORPD_FBK,SIEMENS,Aera,1.494000,15,NYU,640,372,1,320,320,1,280.000000,162.820007,4.500000,140.000000,140.000000,3.000000,335,0,0,2300.000000,32.000000,100.000000,140.000000,TurboSpinEcho,10.780000,False
knee/data/singlecoil_train/file1000326.h5,CORPDFS_FBK,SIEMENS,Biograph_mMR,2.893620,15,NYU,640,368,1,320,320,1,280.000000,161.419998,4.500000,140.000000,140.000000,3.000000,332,0,0,3040.000000,33.000000,100.000000,140.000000,TurboSpinEcho,10.960000,True
knee/data/singlecoil_train/file1002441.h5,CORPD_FBK,SIEMENS,Skyra,2.893620,15,NYU,640,368,1,320,320,1,280.000000,161.419998,4.500000,140.000000,140.000000,3.000000,332,0,0,2750.000000,27.000000,100.000000,140.000000,TurboSpinEcho,8.850000,True
knee/data/singlecoil_train/file1000904.h5,CORPD_FBK,SIEMENS,Aera,1.494000,15,NYU,640,372,1,320,320,1,280.000000,162.820007,4.500000,140.000000,140.000000,3.000000,335,0,0,2800.000000,32.000000,100.000000,140.000000,TurboSpinEcho,10.780000,True
knee/data/singlecoil_train/file1002048.h5,CORPDFS_FBK,SIEMENS,Biograph_mMR,2.893620,15,NYU,640,368,1,320,320,1,280.000000,161.419998,4.500000,140.000000,140.000000,3.000000,332,0,0,2960.000000,33.000000,100.000000,140.000000,TurboSpinEcho,10.960000,True
knee/data/singlecoil_train/file1001616.h5,CORPDFS_FBK,SIEMENS,Skyra,2.893620,15,TH,640,368,1,320,320,1,280.000000,161.419998,4.500000,140.000000,140.000000,3.000000,332,0,0,3120.000000,33.000000,100.000000,140.000000,TurboSpinEcho,10.960000,False
knee/data/singlecoil_train/file1000685.h5,CORPD_FBK,SIEMENS,Aera,1.494000,15,NYU,640,372,1,320,320,1,280.000000,162.820007,4.500000,140.000000,140.000000,3.000000,335,0,0,2300.000000,32.000000,100.000000,140.000000,TurboSpinEcho,10.780000,True
knee/data/singlecoil_train/file1001500.h5,CORPDFS_FBK,SIEMENS,Skyra,2.893620,15,HJD,640,368,1,320,320,1,280.000000,161.419998,4.500000,140.000000,140.000000,3.000000,332,0,0,2870.000000,33.000000,100.000000,140.000000,TurboSpinEcho,10.960000,True
knee/data/singlecoil_train/file1001475.h5,CORPDFS_FBK,SIEMENS,Aera,1.494000,15,NYU,640,372,1,320,320,1,280.000000,162.820007,4.500000,140.000000,140.000000,3.000000,335,0,0,2800.000000,33.000000,100.000000,150.000000,TurboSpinEcho,10.900000,False
knee/data/singlecoil_train/file1002012.h5,CORPDFS_FBK,SIEMENS,Aera,1.494000,15,NYU,640,372,1,320,320,1,280.000000,162.820007,4.500000,140.000000,140.000000,3.000000,335,0,0,3000.000000,33.000000,100.000000,150.000000,TurboSpinEcho,10.900000,False
knee/data/singlecoil_train/file1000374.h5,CORPD_FBK,SIEMENS,Aera,1.494000,15,NYU,640,372,1,320,320,1,280.000000,162.820007,4.500000,140.000000,140.000000,3.000000,335,0,0,2800.000000,32.000000,100.000000,140.000000,TurboSpinEcho,10.780000,False
knee/data/singlecoil_train/file1001273.h5,CORPDFS_FBK,SIEMENS,Biograph_mMR,2.893620,15,NYU,640,480,1,320,320,1,300.000000,225.000000,4.500000,150.000000,150.000000,3.000000,384,0,0,3590.000000,31.000000,100.000000,140.000000,TurboSpinEcho,10.320000,False
knee/data/singlecoil_train/file1000027.h5,CORPDFS_FBK,SIEMENS,Skyra,2.893620,15,NYU,640,368,1,320,320,1,280.000000,161.419998,4.500000,140.000000,140.000000,3.000000,332,0,0,2870.000000,33.000000,100.000000,140.000000,TurboSpinEcho,10.960000,False
knee/data/singlecoil_train/file1002342.h5,CORPD_FBK,SIEMENS,Skyra,2.893620,15,NYU,640,368,1,320,320,1,280.000000,161.419998,4.500000,140.000000,140.000000,3.000000,332,0,0,2750.000000,27.000000,100.000000,140.000000,TurboSpinEcho,8.850000,False
knee/data/singlecoil_train/file1001403.h5,CORPDFS_FBK,SIEMENS,Aera,1.494000,15,NYU,640,372,1,320,320,1,280.000000,162.820007,4.500000,140.000000,140.000000,3.000000,335,0,0,3000.000000,33.000000,100.000000,150.000000,TurboSpinEcho,10.900000,False
knee/data/singlecoil_train/file1000010.h5,CORPD_FBK,SIEMENS,Biograph_mMR,2.893620,15,NYU,640,368,1,320,320,1,280.000000,161.419998,4.500000,140.000000,140.000000,3.000000,332,0,0,2750.000000,27.000000,100.000000,140.000000,TurboSpinEcho,8.850000,True
knee/data/singlecoil_train/file1000836.h5,CORPDFS_FBK,SIEMENS,Skyra,2.893620,15,NYU,640,368,1,320,320,1,280.000000,161.419998,4.500000,140.000000,140.000000,3.000000,332,0,0,2870.000000,33.000000,100.000000,140.000000,TurboSpinEcho,10.960000,False
knee/data/singlecoil_train/file1001006.h5,CORPDFS_FBK,SIEMENS,Skyra,2.893620,15,NYU,640,368,1,320,320,1,280.000000,161.419998,4.500000,140.000000,140.000000,3.000000,332,0,0,2870.000000,33.000000,100.000000,140.000000,TurboSpinEcho,10.960000,True
knee/data/singlecoil_train/file1000125.h5,CORPDFS_FBK,SIEMENS,Skyra,2.893620,15,NYU,640,368,1,320,320,1,280.000000,161.419998,4.500000,140.000000,140.000000,3.000000,332,0,0,3120.000000,33.000000,100.000000,140.000000,TurboSpinEcho,10.960000,True
knee/data/singlecoil_train/file1000588.h5,CORPD_FBK,SIEMENS,Skyra,2.893620,15,NYU,640,368,1,320,320,1,280.000000,161.419998,4.500000,140.000000,140.000000,3.000000,332,0,0,2750.000000,27.000000,100.000000,140.000000,TurboSpinEcho,8.850000,True
knee/data/singlecoil_train/file1000964.h5,CORPD_FBK,SIEMENS,Aera,1.494000,15,NYU,640,372,1,320,320,1,280.000000,162.820007,4.500000,140.000000,140.000000,3.000000,335,0,0,2300.000000,32.000000,100.000000,140.000000,TurboSpinEcho,10.780000,False
knee/data/singlecoil_train/file1001175.h5,CORPD_FBK,SIEMENS,Skyra,2.893620,15,NYU,640,338,1,320,320,1,280.000000,147.839996,4.500000,140.000000,140.000000,3.000000,304,0,0,2750.000000,27.000000,100.000000,140.000000,TurboSpinEcho,8.850000,False
knee/data/singlecoil_train/file1001048.h5,CORPDFS_FBK,SIEMENS,Skyra,2.893620,15,NYU,640,368,1,320,320,1,280.000000,161.419998,4.500000,140.000000,140.000000,3.000000,332,0,0,2870.000000,33.000000,100.000000,140.000000,TurboSpinEcho,10.960000,False
knee/data/singlecoil_train/file1000161.h5,CORPDFS_FBK,SIEMENS,Skyra,2.893620,15,NYU,640,368,1,320,320,1,280.000000,161.419998,4.500000,140.000000,140.000000,3.000000,332,0,0,2870.000000,33.000000,100.000000,140.000000,TurboSpinEcho,10.960000,True
knee/data/singlecoil_train/file1002111.h5,CORPDFS_FBK,SIEMENS,Aera,1.494000,15,NYU,640,372,1,320,320,1,280.000000,162.820007,4.500000,140.000000,140.000000,3.000000,335,0,0,3000.000000,33.000000,100.000000,150.000000,TurboSpinEcho,10.900000,True
knee/data/singlecoil_train/file1001811.h5,CORPDFS_FBK,SIEMENS,Aera,1.494000,15,HJD,640,372,1,320,320,1,280.000000,162.820007,4.500000,140.000000,140.000000,3.000000,335,0,0,3000.000000,33.000000,100.000000,150.000000,TurboSpinEcho,10.900000,True
knee/data/singlecoil_train/file1000129.h5,CORPDFS_FBK,SIEMENS,Aera,1.494000,15,NYU,640,372,1,320,320,1,280.000000,162.820007,4.500000,140.000000,140.000000,3.000000,335,0,0,3000.000000,33.000000,100.000000,150.000000,TurboSpinEcho,10.900000,True
knee/data/singlecoil_train/file1000170.h5,CORPD_FBK,SIEMENS,Skyra,2.893620,15,NYU,640,368,1,320,320,1,280.000000,161.419998,4.500000,140.000000,140.000000,3.000000,332,0,0,2750.000000,27.000000,100.000000,140.000000,TurboSpinEcho,8.850000,True
knee/data/singlecoil_train/file1001935.h5,CORPD_FBK,SIEMENS,Aera,1.494000,15,NYU,640,372,1,320,320,1,280.000000,162.820007,4.500000,140.000000,140.000000,3.000000,335,0,0,2800.000000,32.000000,100.000000,140.000000,TurboSpinEcho,10.780000,False
knee/data/singlecoil_train/file1000605.h5,CORPD_FBK,SIEMENS,Prisma_fit,2.893620,15,NYU,640,368,1,320,320,1,280.000000,161.419998,4.500000,140.000000,140.000000,3.000000,332,0,0,2200.000000,27.000000,100.000000,140.000000,TurboSpinEcho,8.850000,True
knee/data/singlecoil_train/file1002001.h5,CORPDFS_FBK,SIEMENS,Aera,1.494000,15,NYU,640,372,1,320,320,1,280.000000,162.820007,4.500000,140.000000,140.000000,3.000000,335,0,0,3060.000000,33.000000,100.000000,150.000000,TurboSpinEcho,10.900000,False
knee/data/singlecoil_train/file1000179.h5,CORPDFS_FBK,SIEMENS,Aera,1.494000,15,NYU,640,372,1,320,320,1,280.000000,162.820007,4.500000,140.000000,140.000000,3.000000,335,0,0,3240.000000,33.000000,100.000000,150.000000,TurboSpinEcho,10.900000,False
knee/data/singlecoil_train/file1000443.h5,CORPDFS_FBK,SIEMENS,Aera,1.494000,15,NYU,640,372,1,320,320,1,280.000000,162.820007,4.500000,140.000000,140.000000,3.000000,335,0,0,2890.000000,33.000000,100.000000,150.000000,TurboSpinEcho,10.900000,False
knee/data/singlecoil_train/file1001685.h5,CORPDFS_FBK,SIEMENS,Aera,1.494000,15,NYU,640,372,1,320,320,1,280.000000,162.820007,4.500000,140.000000,140.000000,3.000000,335,0,0,3150.000000,33.000000,100.000000,150.000000,TurboSpinEcho,10.900000,False
knee/data/singlecoil_train/file1002431.h5,CORPDFS_FBK,SIEMENS,Biograph_mMR,2.893620,15,NYU,640,368,1,320,320,1,280.000000,161.419998,4.500000,140.000000,140.000000,3.000000,332,0,0,2870.000000,33.000000,100.000000,140.000000,TurboSpinEcho,10.960000,True
knee/data/singlecoil_train/file1002357.h5,CORPD_FBK,SIEMENS,Biograph_mMR,2.893620,15,NYU,640,368,1,320,320,1,280.000000,161.419998,4.500000,140.000000,140.000000,3.000000,332,0,0,2750.000000,27.000000,100.000000,140.000000,TurboSpinEcho,8.850000,True
knee/data/singlecoil_train/file1000210.h5,CORPDFS_FBK,SIEMENS,Skyra,2.893620,15,NYU,640,368,1,320,320,1,280.000000,161.419998,4.500000,140.000000,140.000000,3.000000,332,0,0,2300.000000,33.000000,100.000000,140.000000,TurboSpinEcho,10.960000,False
knee/data/singlecoil_train/file1001007.h5,CORPD_FBK,SIEMENS,Aera,1.494000,15,NYU,640,372,1,320,320,1,280.000000,162.820007,4.500000,140.000000,140.000000,3.000000,335,0,0,2800.000000,32.000000,100.000000,140.000000,TurboSpinEcho,10.780000,True
knee/data/singlecoil_train/file1001544.h5,CORPDFS_FBK,SIEMENS,Aera,1.494000,15,NYU,640,372,1,320,320,1,280.000000,162.820007,4.500000,140.000000,140.000000,3.000000,335,0,0,3000.000000,33.000000,100.000000,150.000000,TurboSpinEcho,10.900000,True
knee/data/singlecoil_train/file1001773.h5,CORPDFS_FBK,SIEMENS,Skyra,2.893620,15,NYU,640,320,1,320,320,1,280.000000,140.000000,4.500000,140.000000,140.000000,3.000000,288,0,0,2870.000000,33.000000,100.000000,140.000000,TurboSpinEcho,10.960000,False
knee/data/singlecoil_train/file1002474.h5,CORPD_FBK,SIEMENS,Skyra,2.893620,15,NYU,640,368,1,320,320,1,280.000000,161.419998,4.500000,140.000000,140.000000,3.000000,332,0,0,2750.000000,27.000000,100.000000,140.000000,TurboSpinEcho,8.850000,True
knee/data/singlecoil_train/file1000929.h5,CORPDFS_FBK,SIEMENS,Skyra,2.893620,15,NYU,640,386,1,320,320,1,280.000000,169.119995,4.500000,140.000000,140.000000,3.000000,348,0,0,2900.000000,33.000000,100.000000,140.000000,TurboSpinEcho,10.960000,True
knee/data/singlecoil_train/file1000459.h5,CORPDFS_FBK,SIEMENS,Aera,1.494000,15,NYU,640,372,1,320,320,1,280.000000,162.820007,4.500000,140.000000,140.000000,3.000000,335,0,0,3000.000000,33.000000,100.000000,150.000000,TurboSpinEcho,10.900000,True
knee/data/singlecoil_train/file1001496.h5,CORPDFS_FBK,SIEMENS,Aera,1.494000,15,HJD,640,372,1,320,320,1,280.000000,162.820007,4.500000,140.000000,140.000000,3.000000,335,0,0,3000.000000,33.000000,100.000000,150.000000,TurboSpinEcho,10.900000,True
knee/data/singlecoil_train/file1001029.h5,CORPD_FBK,SIEMENS,Prisma_fit,2.893620,15,NYU,640,368,1,320,320,1,280.000000,161.419998,4.500000,140.000000,140.000000,3.000000,332,0,0,2300.000000,27.000000,100.000000,140.000000,TurboSpinEcho,8.850000,True
knee/data/singlecoil_train/file1000760.h5,CORPDFS_FBK,SIEMENS,Prisma_fit,2.893620,15,NYU,640,368,1,320,320,1,280.000000,161.419998,4.500000,140.000000,140.000000,3.000000,332,0,0,3200.000000,33.000000,100.000000,140.000000,TurboSpinEcho,10.960000,False
knee/data/singlecoil_train/file1001814.h5,CORPDFS_FBK,SIEMENS,Skyra,2.893620,15,NYU,640,368,1,320,320,1,280.000000,161.419998,4.500000,140.000000,140.000000,3.000000,332,0,0,2970.000000,33.000000,100.000000,140.000000,TurboSpinEcho,10.960000,True
knee/data/singlecoil_train/file1000427.h5,CORPD_FBK,SIEMENS,Aera,1.494000,15,NYU,640,372,1,320,320,1,280.000000,162.820007,4.500000,140.000000,140.000000,3.000000,335,0,0,2800.000000,32.000000,100.000000,140.000000,TurboSpinEcho,10.780000,False
knee/data/singlecoil_train/file1001432.h5,CORPDFS_FBK,SIEMENS,Skyra,2.893620,15,NYU,640,368,1,320,320,1,280.000000,161.419998,4.500000,140.000000,140.000000,3.000000,332,0,0,2870.000000,33.000000,100.000000,140.000000,TurboSpinEcho,10.960000,False
knee/data/singlecoil_train/file1001460.h5,CORPD_FBK,SIEMENS,Skyra,2.893620,15,HJD,640,368,1,320,320,1,280.000000,161.419998,4.500000,140.000000,140.000000,3.000000,332,0,0,2750.000000,27.000000,100.000000,140.000000,TurboSpinEcho,8.850000,False
knee/data/singlecoil_train/file1000619.h5,CORPDFS_FBK,SIEMENS,Biograph_mMR,2.893620,15,NYU,640,368,1,320,320,1,280.000000,161.419998,4.500000,140.000000,140.000000,3.000000,332,0,0,2870.000000,33.000000,100.000000,140.000000,TurboSpinEcho,10.960000,False
knee/data/singlecoil_train/file1002386.h5,CORPDFS_FBK,SIEMENS,Biograph_mMR,2.893620,15,NYU,640,368,1,320,320,1,280.000000,161.419998,4.500000,140.000000,140.000000,3.000000,332,0,0,2870.000000,33.000000,100.000000,140.000000,TurboSpinEcho,10.960000,False
knee/data/singlecoil_train/file1002146.h5,CORPD_FBK,SIEMENS,Prisma_fit,2.893620,15,NYU,640,368,1,320,320,1,280.000000,161.419998,4.500000,140.000000,140.000000,3.000000,332,0,0,2750.000000,27.000000,100.000000,140.000000,TurboSpinEcho,8.850000,False
knee/data/singlecoil_train/file1001373.h5,CORPDFS_FBK,SIEMENS,Aera,1.494000,15,HJD,640,372,1,320,320,1,280.000000,162.820007,4.500000,140.000000,140.000000,3.000000,335,0,0,3000.000000,33.000000,100.000000,150.000000,TurboSpinEcho,10.900000,False
knee/data/singlecoil_train/file1000347.h5,CORPDFS_FBK,SIEMENS,Aera,1.494000,15,NYU,640,372,1,320,320,1,280.000000,162.820007,4.500000,140.000000,140.000000,3.000000,335,0,0,3000.000000,33.000000,100.000000,150.000000,TurboSpinEcho,10.900000,True
knee/data/singlecoil_train/file1002049.h5,CORPDFS_FBK,SIEMENS,Prisma_fit,2.893620,15,NYU,640,368,1,320,320,1,280.000000,161.419998,4.500000,140.000000,140.000000,3.000000,332,0,0,2870.000000,33.000000,100.000000,140.000000,TurboSpinEcho,10.960000,True
knee/data/singlecoil_train/file1001391.h5,CORPD_FBK,SIEMENS,Skyra,2.893620,15,NYU,640,368,1,320,320,1,280.000000,161.419998,4.500000,140.000000,140.000000,3.000000,332,0,0,2750.000000,27.000000,100.000000,140.000000,TurboSpinEcho,8.850000,False
knee/data/singlecoil_train/file1000728.h5,CORPD_FBK,SIEMENS,Prisma_fit,2.893620,15,NYU,640,368,1,320,320,1,280.000000,161.419998,4.500000,140.000000,140.000000,3.000000,332,0,0,2100.000000,27.000000,100.000000,140.000000,TurboSpinEcho,8.850000,False
knee/data/singlecoil_train/file1000962.h5,CORPDFS_FBK,SIEMENS,Skyra,2.893620,15,NYU,640,368,1,320,320,1,320.000000,184.479996,4.500000,160.000000,160.000000,3.000000,332,0,0,3720.000000,33.000000,100.000000,140.000000,TurboSpinEcho,10.960000,False
knee/data/singlecoil_train/file1000638.h5,CORPDFS_FBK,SIEMENS,Aera,1.494000,15,NYU,640,370,1,320,320,1,300.000000,173.399994,4.500000,150.000000,150.000000,3.000000,370,0,0,3150.000000,33.000000,100.000000,150.000000,TurboSpinEcho,10.900000,True
knee/data/singlecoil_train/file1000597.h5,CORPDFS_FBK,SIEMENS,Skyra,2.893620,15,NYU,640,368,1,320,320,1,280.000000,161.419998,4.500000,140.000000,140.000000,3.000000,332,0,0,2870.000000,33.000000,100.000000,140.000000,TurboSpinEcho,10.960000,True
knee/data/singlecoil_train/file1001623.h5,CORPDFS_FBK,SIEMENS,Skyra,2.893620,15,NYU,640,368,1,320,320,1,280.000000,161.419998,4.500000,140.000000,140.000000,3.000000,332,0,0,2870.000000,33.000000,100.000000,140.000000,TurboSpinEcho,10.960000,True
knee/data/singlecoil_train/file1001866.h5,CORPDFS_FBK,SIEMENS,Aera,1.494000,15,NYU,640,372,1,320,320,1,280.000000,162.820007,4.500000,140.000000,140.000000,3.000000,335,0,0,3150.000000,33.000000,100.000000,150.000000,TurboSpinEcho,10.900000,False
knee/data/singlecoil_train/file1000740.h5,CORPDFS_FBK,SIEMENS,Aera,1.494000,15,NYU,640,372,1,320,320,1,280.000000,162.820007,4.500000,140.000000,140.000000,3.000000,335,0,0,3060.000000,33.000000,100.000000,150.000000,TurboSpinEcho,10.900000,False
knee/data/singlecoil_train/file1000716.h5,CORPD_FBK,SIEMENS,Skyra,2.893620,15,NYU,640,368,1,320,320,1,280.000000,161.419998,4.500000,140.000000,140.000000,3.000000,332,0,0,2750.000000,27.000000,100.000000,140.000000,TurboSpinEcho,8.850000,True
knee/data/singlecoil_train/file1001675.h5,CORPDFS_FBK,SIEMENS,Aera,1.494000,15,NYU,640,372,1,320,320,1,280.000000,162.820007,4.500000,140.000000,140.000000,3.000000,335,0,0,3320.000000,33.000000,100.000000,150.000000,TurboSpinEcho,10.900000,False
knee/data/singlecoil_train/file1001666.h5,CORPD_FBK,SIEMENS,Skyra,2.893620,15,NYU,640,320,1,320,320,1,280.000000,140.000000,4.500000,140.000000,140.000000,3.000000,288,0,0,2750.000000,27.000000,100.000000,140.000000,TurboSpinEcho,8.850000,False
knee/data/singlecoil_train/file1001379.h5,CORPD_FBK,SIEMENS,Aera,1.494000,15,NYU,640,372,1,320,320,1,280.000000,162.820007,4.500000,140.000000,140.000000,3.000000,335,0,0,2800.000000,32.000000,100.000000,140.000000,TurboSpinEcho,10.780000,False
knee/data/singlecoil_train/file1000237.h5,CORPDFS_FBK,SIEMENS,Aera,1.494000,15,NYU,640,372,1,320,320,1,280.000000,162.820007,4.500000,140.000000,140.000000,3.000000,335,0,0,2620.000000,33.000000,100.000000,150.000000,TurboSpinEcho,10.900000,False
knee/data/singlecoil_train/file1002517.h5,CORPD_FBK,SIEMENS,Aera,1.494000,15,NYU,640,372,1,320,320,1,280.000000,162.820007,4.500000,140.000000,140.000000,3.000000,335,0,0,2800.000000,32.000000,100.000000,140.000000,TurboSpinEcho,10.780000,True
knee/data/singlecoil_train/file1000777.h5,CORPDFS_FBK,SIEMENS,Skyra,2.893620,15,NYU,640,368,1,320,320,1,280.000000,161.419998,4.500000,140.000000,140.000000,3.000000,332,0,0,2870.000000,33.000000,100.000000,140.000000,TurboSpinEcho,10.960000,False
knee/data/singlecoil_train/file1000709.h5,CORPD_FBK,SIEMENS,Aera,1.494000,15,TH,640,372,1,320,320,1,280.000000,162.820007,4.500000,140.000000,140.000000,3.000000,335,0,0,2800.000000,32.000000,100.000000,140.000000,TurboSpinEcho,10.780000,True
knee/data/singlecoil_train/file1000221.h5,CORPDFS_FBK,SIEMENS,Skyra,2.893620,15,NYU,640,368,1,320,320,1,280.000000,161.419998,4.500000,140.000000,140.000000,3.000000,332,0,0,2870.000000,33.000000,100.000000,140.000000,TurboSpinEcho,10.960000,True
knee/data/singlecoil_train/file1001832.h5,CORPDFS_FBK,SIEMENS,Skyra,2.893620,15,NYU,640,368,1,320,320,1,280.000000,161.419998,4.500000,140.000000,140.000000,3.000000,332,0,0,2870.000000,33.000000,100.000000,140.000000,TurboSpinEcho,10.960000,True
knee/data/singlecoil_train/file1001986.h5,CORPDFS_FBK,SIEMENS,Aera,1.494000,15,HJD,640,372,1,320,320,1,280.000000,162.820007,4.500000,140.000000,140.000000,3.000000,335,0,0,3410.000000,33.000000,100.000000,150.000000,TurboSpinEcho,10.900000,False
knee/data/singlecoil_train/file1001320.h5,CORPD_FBK,SIEMENS,Aera,1.494000,15,NYU,640,372,1,320,320,1,280.000000,162.820007,4.500000,140.000000,140.000000,3.000000,335,0,0,2800.000000,32.000000,100.000000,140.000000,TurboSpinEcho,10.780000,False
knee/data/singlecoil_train/file1002208.h5,CORPDFS_FBK,SIEMENS,Biograph_mMR,2.893620,15,NYU,640,368,1,320,320,1,280.000000,161.419998,4.500000,140.000000,140.000000,3.000000,332,0,0,2870.000000,33.000000,100.000000,140.000000,TurboSpinEcho,10.960000,False
knee/data/singlecoil_train/file1000558.h5,CORPD_FBK,SIEMENS,Skyra,2.893620,15,NYU,640,368,1,320,320,1,300.000000,172.949997,4.500000,150.000000,150.000000,3.000000,332,0,0,2060.000000,27.000000,100.000000,140.000000,TurboSpinEcho,8.850000,True
knee/data/singlecoil_train/file1002326.h5,CORPDFS_FBK,SIEMENS,Biograph_mMR,2.893620,15,NYU,640,368,1,320,320,1,280.000000,161.419998,4.500000,140.000000,140.000000,3.000000,332,0,0,3040.000000,33.000000,100.000000,140.000000,TurboSpinEcho,10.960000,False
knee/data/singlecoil_train/file1000330.h5,CORPDFS_FBK,SIEMENS,Biograph_mMR,2.893620,15,NYU,640,368,1,320,320,1,280.000000,161.419998,4.500000,140.000000,140.000000,3.000000,332,0,0,2960.000000,33.000000,100.000000,140.000000,TurboSpinEcho,10.960000,False
knee/data/singlecoil_train/file1001139.h5,CORPD_FBK,SIEMENS,Skyra,2.893620,15,NYU,640,368,1,320,320,1,280.000000,161.419998,4.500000,140.000000,140.000000,3.000000,332,0,0,2750.000000,27.000000,100.000000,140.000000,TurboSpinEcho,8.850000,True
knee/data/singlecoil_train/file1000048.h5,CORPD_FBK,SIEMENS,Skyra,2.893620,15,NYU,640,368,1,320,320,1,280.000000,161.419998,4.500000,140.000000,140.000000,3.000000,332,0,0,2750.000000,27.000000,100.000000,140.000000,TurboSpinEcho,8.850000,False
knee/data/singlecoil_train/file1002324.h5,CORPD_FBK,SIEMENS,Skyra,2.893620,15,NYU,640,368,1,320,320,1,280.000000,161.419998,4.500000,140.000000,140.000000,3.000000,332,0,0,2750.000000,27.000000,100.000000,140.000000,TurboSpinEcho,8.850000,False
knee/data/singlecoil_train/file1001692.h5,CORPD_FBK,SIEMENS,Skyra,2.893620,15,HJD,640,368,1,320,320,1,280.000000,161.419998,4.500000,140.000000,140.000000,3.000000,332,0,0,2750.000000,27.000000,100.000000,140.000000,TurboSpinEcho,8.850000,True
knee/data/singlecoil_train/file1001185.h5,CORPD_FBK,SIEMENS,Aera,1.494000,15,NYU,640,372,1,320,320,1,280.000000,162.820007,4.500000,140.000000,140.000000,3.000000,335,0,0,2800.000000,32.000000,100.000000,140.000000,TurboSpinEcho,10.780000,False
knee/data/singlecoil_train/file1001186.h5,CORPDFS_FBK,SIEMENS,Skyra,2.893620,15,NYU,640,368,1,320,320,1,280.000000,161.419998,4.500000,140.000000,140.000000,3.000000,332,0,0,2870.000000,33.000000,100.000000,140.000000,TurboSpinEcho,10.960000,True
knee/data/singlecoil_train/file1002304.h5,CORPD_FBK,SIEMENS,Skyra,2.893620,15,NYU,640,368,1,320,320,1,280.000000,161.419998,4.500000,140.000000,140.000000,3.000000,332,0,0,2750.000000,27.000000,100.000000,140.000000,TurboSpinEcho,8.850000,True
knee/data/singlecoil_train/file1002361.h5,CORPDFS_FBK,SIEMENS,Biograph_mMR,2.893620,15,NYU,640,368,1,320,320,1,280.000000,161.419998,4.500000,140.000000,140.000000,3.000000,332,0,0,3040.000000,33.000000,100.000000,140.000000,TurboSpinEcho,10.960000,True
knee/data/singlecoil_train/file1001919.h5,CORPDFS_FBK,SIEMENS,Aera,1.494000,15,NYU,640,372,1,320,320,1,280.000000,162.820007,4.500000,140.000000,140.000000,3.000000,335,0,0,3000.000000,33.000000,100.000000,150.000000,TurboSpinEcho,10.900000,False
knee/data/singlecoil_train/file1000271.h5,CORPD_FBK,SIEMENS,Biograph_mMR,2.893620,15,NYU,640,640,1,320,320,1,300.000000,300.000000,4.500000,150.000000,150.000000,3.000000,512,0,0,2750.000000,24.000000,100.000000,140.000000,TurboSpinEcho,7.970000,False
knee/data/singlecoil_train/file1000285.h5,CORPDFS_FBK,SIEMENS,Biograph_mMR,2.893620,15,NYU,640,368,1,320,320,1,280.000000,161.419998,4.500000,140.000000,140.000000,3.000000,332,0,0,3350.000000,33.000000,100.000000,140.000000,TurboSpinEcho,10.960000,True
knee/data/singlecoil_train/file1000084.h5,CORPD_FBK,SIEMENS,Aera,1.494000,15,NYU,640,372,1,320,320,1,280.000000,162.820007,4.500000,140.000000,140.000000,3.000000,335,0,0,2800.000000,32.000000,100.000000,140.000000,TurboSpinEcho,10.780000,False
knee/data/singlecoil_train/file1000002.h5,CORPDFS_FBK,SIEMENS,Skyra,2.893620,15,NYU,640,368,1,320,320,1,280.000000,161.419998,4.500000,140.000000,140.000000,3.000000,332,0,0,2870.000000,33.000000,100.000000,140.000000,TurboSpinEcho,10.960000,True
knee/data/singlecoil_train/file1001922.h5,CORPDFS_FBK,SIEMENS,Skyra,2.893620,15,NYU,640,368,1,320,320,1,280.000000,161.419998,4.500000,140.000000,140.000000,3.000000,332,0,0,3340.000000,33.000000,100.000000,140.000000,TurboSpinEcho,10.960000,False
knee/data/singlecoil_train/file1000324.h5,CORPD_FBK,SIEMENS,Skyra,2.893620,15,NYU,640,368,1,320,320,1,280.000000,161.419998,4.500000,140.000000,140.000000,3.000000,332,0,0,2750.000000,27.000000,100.000000,140.000000,TurboSpinEcho,8.850000,False
knee/data/singlecoil_train/file1001478.h5,CORPDFS_FBK,SIEMENS,Aera,1.494000,15,HJD,640,372,1,320,320,1,280.000000,162.820007,4.500000,140.000000,140.000000,3.000000,335,0,0,3240.000000,33.000000,100.000000,150.000000,TurboSpinEcho,10.900000,False
knee/data/singlecoil_train/file1000428.h5,CORPD_FBK,SIEMENS,Skyra,2.893620,15,NYU,640,368,1,320,320,1,280.000000,161.419998,4.500000,140.000000,140.000000,3.000000,332,0,0,2750.000000,27.000000,100.000000,140.000000,TurboSpinEcho,8.850000,True
knee/data/singlecoil_train/file1002518.h5,CORPDFS_FBK,SIEMENS,Biograph_mMR,2.893620,15,NYU,640,368,1,320,320,1,280.000000,161.419998,4.500000,140.000000,140.000000,3.000000,332,0,0,3120.000000,33.000000,100.000000,140.000000,TurboSpinEcho,10.960000,True
knee/data/singlecoil_train/file1000663.h5,CORPD_FBK,SIEMENS,Aera,1.494000,15,NYU,640,372,1,320,320,1,280.000000,162.820007,4.500000,140.000000,140.000000,3.000000,335,0,0,2800.000000,32.000000,100.000000,140.000000,TurboSpinEcho,10.780000,False
knee/data/singlecoil_train/file1000682.h5,CORPDFS_FBK,SIEMENS,Biograph_mMR,2.893620,15,NYU,640,368,1,320,320,1,280.000000,161.419998,4.500000,140.000000,140.000000,3.000000,332,0,0,3120.000000,33.000000,100.000000,140.000000,TurboSpinEcho,10.960000,False
knee/data/singlecoil_train/file1002481.h5,CORPDFS_FBK,SIEMENS,Biograph_mMR,2.893620,15,NYU,640,368,1,320,320,1,280.000000,161.419998,4.500000,140.000000,140.000000,3.000000,332,0,0,2870.000000,33.000000,100.000000,140.000000,TurboSpinEcho,10.960000,False
knee/data/singlecoil_train/file1001879.h5,CORPD_FBK,SIEMENS,Biograph_mMR,2.893620,15,NYU,640,368,1,320,320,1,280.000000,161.419998,4.500000,140.000000,140.000000,3.000000,332,0,0,2300.000000,27.000000,100.000000,140.000000,TurboSpinEcho,8.850000,True
knee/data/singlecoil_train/file1000313.h5,CORPDFS_FBK,SIEMENS,Skyra,2.893620,15,HJD,640,368,1,320,320,1,280.000000,161.419998,4.500000,140.000000,140.000000,3.000000,332,0,0,2870.000000,33.000000,100.000000,140.000000,TurboSpinEcho,10.960000,False
knee/data/singlecoil_train/file1001707.h5,CORPD_FBK,SIEMENS,Aera,1.494000,15,NYU,640,372,1,320,320,1,280.000000,162.820007,4.500000,140.000000,140.000000,3.000000,335,0,0,2800.000000,32.000000,100.000000,140.000000,TurboSpinEcho,10.780000,False
knee/data/singlecoil_train/file1000032.h5,CORPD_FBK,SIEMENS,Aera,1.494000,15,NYU,640,372,1,320,320,1,280.000000,162.820007,4.500000,140.000000,140.000000,3.000000,335,0,0,2240.000000,32.000000,100.000000,140.000000,TurboSpinEcho,10.780000,False
knee/data/singlecoil_train/file1001545.h5,CORPDFS_FBK,SIEMENS,Biograph_mMR,2.893620,15,NYU,640,368,1,320,320,1,280.000000,161.419998,4.500000,140.000000,140.000000,3.000000,332,0,0,2500.000000,33.000000,100.000000,140.000000,TurboSpinEcho,10.960000,False
knee/data/singlecoil_train/file1002014.h5,CORPD_FBK,SIEMENS,Skyra,2.893620,15,HJD,640,368,1,320,320,1,280.000000,161.419998,4.500000,140.000000,140.000000,3.000000,332,0,0,2750.000000,27.000000,100.000000,140.000000,TurboSpinEcho,8.850000,False
knee/data/singlecoil_train/file1002186.h5,CORPD_FBK,SIEMENS,Aera,1.494000,15,NYU,640,372,1,320,320,1,280.000000,162.820007,4.500000,140.000000,140.000000,3.000000,335,0,0,2800.000000,32.000000,100.000000,140.000000,TurboSpinEcho,10.780000,True
knee/data/singlecoil_train/file1001858.h5,CORPDFS_FBK,SIEMENS,Aera,1.494000,15,NYU,640,372,1,320,320,1,280.000000,162.820007,4.500000,140.000000,140.000000,3.000000,335,0,0,3000.000000,33.000000,100.000000,150.000000,TurboSpinEcho,10.900000,True
knee/data/singlecoil_train/file1000461.h5,CORPDFS_FBK,SIEMENS,Skyra,2.893620,15,NYU,640,368,1,320,320,1,280.000000,161.419998,4.500000,140.000000,140.000000,3.000000,332,0,0,2870.000000,33.000000,100.000000,140.000000,TurboSpinEcho,10.960000,False
knee/data/singlecoil_train/file1000131.h5,CORPD_FBK,SIEMENS,Skyra,2.893620,15,NYU,640,368,1,320,320,1,280.000000,161.419998,4.500000,140.000000,140.000000,3.000000,332,0,0,2750.000000,27.000000,100.000000,140.000000,TurboSpinEcho,8.850000,False
knee/data/singlecoil_train/file1001791.h5,CORPDFS_FBK,SIEMENS,Aera,1.494000,15,NYU,640,372,1,320,320,1,280.000000,162.820007,4.500000,140.000000,140.000000,3.000000,335,0,0,3000.000000,33.000000,100.000000,150.000000,TurboSpinEcho,10.900000,False
knee/data/singlecoil_train/file1000338.h5,CORPDFS_FBK,SIEMENS,Aera,1.494000,15,NYU,640,372,1,320,320,1,280.000000,162.820007,4.500000,140.000000,140.000000,3.000000,335,0,0,3060.000000,33.000000,100.000000,150.000000,TurboSpinEcho,10.900000,True
knee/data/singlecoil_train/file1000752.h5,CORPDFS_FBK,SIEMENS,Aera,1.494000,15,NYU,640,322,1,320,320,1,280.000000,140.979996,4.500000,140.000000,140.000000,3.000000,290,0,0,3000.000000,33.000000,100.000000,150.000000,TurboSpinEcho,10.900000,False
knee/data/singlecoil_train/file1001350.h5,CORPD_FBK,SIEMENS,Aera,1.494000,15,NYU,640,372,1,320,320,1,280.000000,162.820007,4.500000,140.000000,140.000000,3.000000,335,0,0,2800.000000,32.000000,100.000000,140.000000,TurboSpinEcho,10.780000,False
knee/data/singlecoil_train/file1000101.h5,CORPD_FBK,SIEMENS,Biograph_mMR,2.893620,15,NYU,640,368,1,320,320,1,280.000000,161.419998,4.500000,140.000000,140.000000,3.000000,332,0,0,2750.000000,27.000000,100.000000,140.000000,TurboSpinEcho,8.850000,False
knee/data/singlecoil_train/file1001452.h5,CORPDFS_FBK,SIEMENS,Aera,1.494000,15,NYU,640,372,1,320,320,1,280.000000,162.820007,4.500000,140.000000,140.000000,3.000000,335,0,0,3000.000000,33.000000,100.000000,150.000000,TurboSpinEcho,10.900000,True
knee/data/singlecoil_train/file1002153.h5,CORPD_FBK,SIEMENS,Aera,1.494000,15,NYU,640,372,1,320,320,1,280.000000,162.820007,4.500000,140.000000,140.000000,3.000000,335,0,0,2800.000000,32.000000,100.000000,140.000000,TurboSpinEcho,10.780000,True
knee/data/singlecoil_train/file1000586.h5,CORPD_FBK,SIEMENS,Skyra,2.893620,15,NYU,640,368,1,320,320,1,280.000000,161.419998,4.500000,140.000000,140.000000,3.000000,332,0,0,2750.000000,27.000000,100.000000,140.000000,TurboSpinEcho,8.850000,False
knee/data/singlecoil_train/file1001198.h5,CORPD_FBK,SIEMENS,Aera,1.494000,15,NYU,640,372,1,320,320,1,280.000000,162.820007,4.500000,140.000000,140.000000,3.000000,335,0,0,2800.000000,32.000000,100.000000,140.000000,TurboSpinEcho,10.780000,False
knee/data/singlecoil_train/file1002037.h5,CORPD_FBK,SIEMENS,Skyra,2.893620,15,NYU,640,368,1,320,320,1,280.000000,161.419998,4.500000,140.000000,140.000000,3.000000,332,0,0,2750.000000,27.000000,100.000000,140.000000,TurboSpinEcho,8.850000,False
knee/data/singlecoil_train/file1002203.h5,CORPD_FBK,SIEMENS,Aera,1.494000,15,NYU,640,372,1,320,320,1,280.000000,162.820007,4.500000,140.000000,140.000000,3.000000,335,0,0,2800.000000,32.000000,100.000000,140.000000,TurboSpinEcho,10.780000,True
knee/data/singlecoil_train/file1000742.h5,CORPD_FBK,SIEMENS,Skyra,2.893620,15,NYU,640,368,1,320,320,1,280.000000,161.419998,4.500000,140.000000,140.000000,3.000000,332,0,0,2750.000000,27.000000,100.000000,140.000000,TurboSpinEcho,8.850000,True
knee/data/singlecoil_train/file1001084.h5,CORPD_FBK,SIEMENS,Aera,1.494000,15,HJD,640,372,1,320,320,1,280.000000,162.820007,4.500000,140.000000,140.000000,3.000000,335,0,0,2800.000000,32.000000,100.000000,140.000000,TurboSpinEcho,10.780000,True
knee/data/singlecoil_train/file1001495.h5,CORPD_FBK,SIEMENS,Aera,1.494000,15,NYU,640,372,1,320,320,1,280.000000,162.820007,4.500000,140.000000,140.000000,3.000000,335,0,0,2800.000000,32.000000,100.000000,140.000000,TurboSpinEcho,10.780000,True
knee/data/singlecoil_train/file1001259.h5,CORPDFS_FBK,SIEMENS,Skyra,2.893620,15,NYU,640,368,1,320,320,1,280.000000,161.419998,4.500000,140.000000,140.000000,3.000000,332,0,0,3120.000000,33.000000,100.000000,140.000000,TurboSpinEcho,10.960000,True
knee/data/singlecoil_train/file1002127.h5,CORPDFS_FBK,SIEMENS,Skyra,2.893620,15,NYU,640,368,1,320,320,1,280.000000,161.419998,4.500000,140.000000,140.000000,3.000000,332,0,0,2970.000000,33.000000,100.000000,140.000000,TurboSpinEcho,10.960000,False
knee/data/singlecoil_train/file1001999.h5,CORPD_FBK,SIEMENS,Prisma_fit,2.893620,15,NYU,640,368,1,320,320,1,280.000000,161.419998,4.500000,140.000000,140.000000,3.000000,332,0,0,2750.000000,27.000000,100.000000,140.000000,TurboSpinEcho,8.850000,True
knee/data/singlecoil_train/file1000149.h5,CORPD_FBK,SIEMENS,Biograph_mMR,2.893620,15,NYU,640,368,1,320,320,1,280.000000,161.419998,4.500000,140.000000,140.000000,3.000000,332,0,0,2750.000000,27.000000,100.000000,140.000000,TurboSpinEcho,8.850000,True
knee/data/singlecoil_train/file1002440.h5,CORPD_FBK,SIEMENS,Skyra,2.893620,15,NYU,640,368,1,320,320,1,280.000000,161.419998,4.500000,140.000000,140.000000,3.000000,332,0,0,2750.000000,27.000000,100.000000,140.000000,TurboSpinEcho,8.850000,False
knee/data/singlecoil_train/file1001121.h5,CORPDFS_FBK,SIEMENS,Aera,1.494000,15,NYU,640,372,1,320,320,1,280.000000,162.820007,4.500000,140.000000,140.000000,3.000000,335,0,0,3000.000000,33.000000,100.000000,150.000000,TurboSpinEcho,10.900000,True
knee/data/singlecoil_train/file1000383.h5,CORPD_FBK,SIEMENS,Skyra,2.893620,15,NYU,640,368,1,320,320,1,280.000000,161.419998,4.500000,140.000000,140.000000,3.000000,332,0,0,2750.000000,27.000000,100.000000,140.000000,TurboSpinEcho,8.850000,True
knee/data/singlecoil_train/file1001082.h5,CORPDFS_FBK,SIEMENS,Skyra,2.893620,15,NYU,640,400,1,320,320,1,280.000000,175.000000,4.500000,140.000000,140.000000,3.000000,360,0,0,2870.000000,33.000000,100.000000,140.000000,TurboSpinEcho,10.960000,True
knee/data/singlecoil_train/file1001511.h5,CORPDFS_FBK,SIEMENS,Aera,1.494000,15,NYU,640,338,1,320,320,1,280.000000,148.259995,4.500000,140.000000,140.000000,3.000000,305,0,0,2800.000000,33.000000,100.000000,150.000000,TurboSpinEcho,10.900000,False
knee/data/singlecoil_train/file1001001.h5,CORPD_FBK,SIEMENS,Aera,1.494000,15,NYU,640,372,1,320,320,1,280.000000,162.820007,4.500000,140.000000,140.000000,3.000000,335,0,0,2800.000000,32.000000,100.000000,140.000000,TurboSpinEcho,10.780000,True
knee/data/singlecoil_train/file1002500.h5,CORPD_FBK,SIEMENS,Aera,1.494000,15,NYU,640,372,1,320,320,1,280.000000,162.820007,4.500000,140.000000,140.000000,3.000000,335,0,0,2800.000000,32.000000,100.000000,140.000000,TurboSpinEcho,10.780000,False
knee/data/singlecoil_train/file1001875.h5,CORPDFS_FBK,SIEMENS,Aera,1.494000,15,NYU,640,372,1,320,320,1,280.000000,162.820007,4.500000,140.000000,140.000000,3.000000,335,0,0,2890.000000,33.000000,100.000000,150.000000,TurboSpinEcho,10.900000,False
knee/data/singlecoil_train/file1000548.h5,CORPD_FBK,SIEMENS,Skyra,2.893620,15,TH,640,368,1,320,320,1,280.000000,161.419998,4.500000,140.000000,140.000000,3.000000,332,0,0,2750.000000,27.000000,100.000000,140.000000,TurboSpinEcho,8.850000,True
knee/data/singlecoil_train/file1000061.h5,CORPD_FBK,SIEMENS,Prisma_fit,2.893620,15,NYU,640,368,1,320,320,1,280.000000,161.419998,4.500000,140.000000,140.000000,3.000000,332,0,0,2750.000000,27.000000,100.000000,140.000000,TurboSpinEcho,8.850000,True
knee/data/singlecoil_train/file1002107.h5,CORPDFS_FBK,SIEMENS,Aera,1.494000,15,NYU,640,322,1,320,320,1,280.000000,140.979996,4.500000,140.000000,140.000000,3.000000,290,0,0,3000.000000,33.000000,100.000000,150.000000,TurboSpinEcho,10.900000,False
knee/data/singlecoil_train/file1002566.h5,CORPD_FBK,SIEMENS,Skyra,2.893620,15,NYU,640,320,1,320,320,1,280.000000,140.000000,4.500000,140.000000,140.000000,3.000000,288,0,0,2750.000000,27.000000,100.000000,140.000000,TurboSpinEcho,8.850000,True
knee/data/singlecoil_train/file1000336.h5,CORPD_FBK,SIEMENS,Biograph_mMR,2.893620,15,NYU,640,368,1,320,320,1,280.000000,161.419998,4.500000,140.000000,140.000000,3.000000,332,0,0,2200.000000,27.000000,100.000000,140.000000,TurboSpinEcho,8.850000,False
knee/data/singlecoil_train/file1001190.h5,CORPDFS_FBK,SIEMENS,Aera,1.494000,15,NYU,640,372,1,320,320,1,280.000000,162.820007,4.500000,140.000000,140.000000,3.000000,335,0,0,3000.000000,33.000000,100.000000,150.000000,TurboSpinEcho,10.900000,False
knee/data/singlecoil_train/file1000369.h5,CORPD_FBK,SIEMENS,Skyra,2.893620,15,NYU,640,368,1,320,320,1,280.000000,161.419998,4.500000,140.000000,140.000000,3.000000,332,0,0,2750.000000,27.000000,100.000000,140.000000,TurboSpinEcho,8.850000,False
